customer_id,customer_age_years,customer_tenure_months,customer_avg_price,customer_total_spend,customer_std_price,customer_num_purchases,customer_n_categories,customer_top_1_cat,customer_top_2_cat,customer_top_3_cat,customer_preferred_device,customer_gender,customer_avg_views,customer_max_price,customer_min_price
CUST_0001,20,7,1288.774,6443.87,86.28334561200094,5,2,blouse,skirt,blouse,mobile,unknown,3.8,1358.17,1160.33
CUST_0002,27,9,1296.13,1296.13,0.0,1,1,dress,dress,dress,desktop,female,4.0,1296.13,1296.13
CUST_0003,23,7,1299.399,12993.99,91.00618665783114,10,3,dress,blouse,skirt,mobile,unknown,4.8,1454.15,1181.2
CUST_0004,25,13,1281.76,7690.5599999999995,126.62465289192316,6,3,skirt,dress,blouse,mobile,female,5.666666666666667,1485.13,1143.11
CUST_0005,22,10,1270.4163636363637,13974.58,60.44568955231246,11,3,blouse,dress,skirt,mobile,unknown,5.545454545454546,1367.76,1167.06
CUST_0006,21,13,1316.02,5264.08,134.15479491989836,4,3,dress,blouse,skirt,mobile,female,7.25,1500.0,1202.53
CUST_0007,26,0,1226.3838461538462,15942.99,96.44434695187869,13,3,dress,skirt,blouse,mobile,female,4.769230769230769,1370.82,1066.11
CUST_0008,21,7,1245.42,9963.36,138.2810506592591,8,3,blouse,dress,skirt,mobile,unknown,5.0,1500.0,1093.55
CUST_0009,26,8,1230.435,7382.61,68.9704205438823,6,3,blouse,dress,skirt,mobile,female,7.166666666666667,1340.52,1154.7
CUST_0010,24,2,1244.81,11203.289999999999,124.41964203854627,9,3,dress,skirt,blouse,mobile,unknown,5.666666666666667,1500.0,1035.35
CUST_0011,26,3,1238.86625,9910.93,85.69419815958538,8,3,dress,skirt,blouse,mobile,male,5.75,1325.62,1054.67
CUST_0012,24,1,1235.749,12357.49,110.45832652583903,10,3,dress,blouse,skirt,mobile,unknown,6.0,1397.35,1000.0
CUST_0013,21,6,1080.3066666666666,3240.92,63.54822604395294,3,3,blouse,dress,skirt,mobile,unknown,6.666666666666667,1153.01,1035.35
CUST_0014,23,8,1200.7116666666666,7204.2699999999995,93.65644738439882,6,3,dress,skirt,blouse,mobile,unknown,6.0,1333.37,1109.22
CUST_0015,21,4,1260.882,12608.82,136.23744939544997,10,3,dress,skirt,blouse,mobile,unknown,4.5,1500.0,1015.16
CUST_0016,26,8,1368.594,6842.97,90.74728359570882,5,2,dress,blouse,dress,mobile,female,4.8,1500.0,1248.79
CUST_0017,22,5,1271.9116666666666,15262.94,118.5492878574779,12,3,blouse,skirt,dress,mobile,female,4.916666666666667,1500.0,1035.35
CUST_0018,22,5,1244.301111111111,11198.71,130.8235555475814,9,3,dress,skirt,blouse,mobile,unknown,5.444444444444445,1500.0,1065.04
CUST_0019,27,4,1289.719090909091,14186.91,106.43045235782343,11,3,skirt,dress,blouse,mobile,female,4.090909090909091,1500.0,1093.55
CUST_0020,22,13,1315.5614285714287,9208.93,124.59954286012601,7,3,dress,skirt,blouse,mobile,unknown,5.428571428571429,1500.0,1143.79
CUST_0021,21,4,1272.5223076923078,16542.79,107.38457618561476,13,3,blouse,dress,skirt,mobile,female,4.769230769230769,1447.81,1035.35
CUST_0022,27,5,1262.7275,5050.91,109.41493236757042,4,2,blouse,skirt,blouse,mobile,female,4.75,1397.35,1141.36
CUST_0023,23,6,1211.0366666666666,7266.22,137.79700848228413,6,2,skirt,dress,skirt,mobile,unknown,5.166666666666667,1386.13,1000.0
CUST_0024,26,5,1253.7457142857143,17552.44,117.34652698569481,14,3,skirt,dress,blouse,mobile,female,6.142857142857143,1454.15,1065.04
CUST_0025,23,13,1218.565,4874.26,108.58610638566988,4,2,dress,blouse,dress,mobile,unknown,5.0,1310.13,1066.11
CUST_0026,25,4,1250.81,8755.67,122.22837272908446,7,3,dress,skirt,blouse,mobile,male,6.142857142857143,1447.81,1092.7
CUST_0027,19,14,1224.3685714285714,8570.58,100.39247040632932,7,3,dress,blouse,skirt,mobile,female,4.285714285714286,1333.37,1035.35
CUST_0028,25,11,1243.88,2487.76,128.50958641284308,2,2,skirt,dress,skirt,mobile,female,6.5,1334.75,1153.01
CUST_0029,21,13,1301.2714285714285,9108.9,89.3802768006029,7,3,blouse,skirt,dress,mobile,unknown,5.857142857142857,1470.94,1225.82
CUST_0030,20,2,1262.425,17673.95,109.64030103724843,14,3,dress,skirt,blouse,mobile,unknown,6.0,1500.0,1112.09
CUST_0031,25,5,1290.5633333333333,7743.38,179.08154049668738,6,3,skirt,blouse,dress,mobile,female,6.0,1500.0,1015.16
CUST_0032,24,8,1250.9077777777777,11258.17,108.00719915563243,9,3,blouse,dress,skirt,mobile,unknown,5.555555555555555,1370.82,1069.79
CUST_0033,20,7,1352.2883333333332,8113.73,179.98765573412715,6,2,skirt,dress,skirt,mobile,unknown,3.8333333333333335,1500.0,1054.67
CUST_0034,19,17,1338.6242857142856,9370.369999999999,128.94477226796792,7,3,skirt,dress,blouse,mobile,female,5.0,1500.0,1143.79
CUST_0035,22,12,1305.7822222222223,11752.04,87.96100325965168,9,3,blouse,skirt,dress,mobile,unknown,5.0,1447.81,1160.33
CUST_0036,26,2,1258.453,12584.53,122.58111237960858,10,3,dress,blouse,skirt,mobile,female,5.2,1500.0,1092.7
CUST_0037,29,7,1283.695,10269.56,157.91598263452804,8,3,dress,skirt,blouse,mobile,male,6.375,1500.0,1054.67
CUST_0038,22,4,1309.42,10475.36,137.15243927834464,8,3,blouse,skirt,dress,desktop,unknown,5.625,1500.0,1035.35
CUST_0039,21,10,1294.0714285714287,9058.5,120.81445256102043,7,3,skirt,dress,blouse,mobile,unknown,6.142857142857143,1447.81,1091.34
CUST_0040,26,1,1288.9142857142856,9022.4,151.2726310184301,7,3,blouse,dress,skirt,mobile,female,5.0,1454.15,1000.0
CUST_0041,24,8,1242.108,6210.54,47.45945869897805,5,3,skirt,dress,blouse,mobile,female,4.8,1303.73,1185.33
CUST_0042,24,20,1233.5377777777778,11101.84,55.64461986072369,9,3,blouse,dress,skirt,mobile,unknown,5.777777777777778,1285.25,1122.09
CUST_0043,25,4,1238.115,9904.92,93.23140749155905,8,3,dress,blouse,skirt,mobile,unknown,5.25,1340.52,1065.04
CUST_0044,21,6,1210.2458333333334,14522.95,88.03500011187018,12,3,dress,skirt,blouse,mobile,female,4.416666666666667,1354.36,1065.04
CUST_0045,25,13,1238.8233333333333,11149.41,87.93644352599215,9,3,dress,blouse,skirt,mobile,female,7.111111111111111,1358.17,1065.04
CUST_0046,25,6,1271.4085714285716,8899.86,132.0342052182655,7,3,blouse,dress,skirt,mobile,female,4.428571428571429,1485.13,1067.43
CUST_0047,19,5,1205.7991666666667,14469.59,136.87015349382875,12,3,dress,blouse,skirt,mobile,unknown,5.416666666666667,1447.81,1000.0
CUST_0048,24,7,1248.108888888889,11232.98,94.46490452073252,9,3,dress,skirt,blouse,mobile,female,5.888888888888889,1390.9,1091.34
CUST_0049,24,3,1193.035,11930.35,114.64420596397841,10,3,dress,skirt,blouse,mobile,unknown,5.8,1395.08,1052.56
CUST_0050,30,8,1180.6399999999999,5903.2,112.87528028758109,5,3,blouse,skirt,dress,desktop,unknown,8.2,1340.31,1066.11
CUST_0051,26,8,1153.6775,4614.71,145.01871244199256,4,2,dress,skirt,dress,mobile,female,8.0,1345.18,1000.0
CUST_0052,24,10,1283.5557142857142,17969.78,116.75329708500647,14,3,blouse,skirt,dress,desktop,unknown,5.142857142857143,1470.94,1015.16
CUST_0053,21,12,1149.5700000000002,5747.85,105.29806076087061,5,3,skirt,blouse,dress,mobile,unknown,5.4,1297.35,1015.16
CUST_0054,23,5,1244.85,9958.8,100.88899557717596,8,3,dress,blouse,skirt,mobile,male,5.125,1362.76,1069.79
CUST_0055,22,18,1187.358,5936.79,129.67561960522875,5,2,skirt,dress,skirt,mobile,unknown,4.0,1397.09,1054.67
CUST_0056,23,7,1246.4833333333333,7478.9,109.17462501271383,6,3,blouse,skirt,dress,mobile,female,5.333333333333333,1358.17,1106.33
CUST_0057,29,8,1220.0671428571427,17080.94,103.00278371358347,14,3,skirt,blouse,dress,mobile,female,5.857142857142857,1391.78,1054.67
CUST_0058,24,2,1193.097,11930.97,118.01672942143976,10,3,dress,skirt,blouse,mobile,unknown,5.5,1397.35,1052.56
CUST_0059,21,5,1286.1772727272728,14147.95,140.97408556829936,11,3,dress,skirt,blouse,mobile,unknown,5.818181818181818,1500.0,1000.0
CUST_0060,23,11,1213.6675,4854.67,90.64976792579235,4,2,dress,skirt,dress,mobile,female,4.25,1331.48,1112.09
CUST_0061,23,5,1237.522,6187.61,75.71817199325395,5,3,skirt,blouse,dress,mobile,unknown,5.0,1297.35,1109.22
CUST_0062,28,9,1306.93875,10455.51,99.12819815593772,8,3,dress,blouse,skirt,mobile,male,5.125,1500.0,1180.99
CUST_0063,24,5,1287.0155555555555,11583.14,128.23073891535444,9,3,blouse,dress,skirt,mobile,unknown,5.222222222222222,1500.0,1141.36
CUST_0064,25,5,1276.8566666666666,7661.139999999999,122.8982453359961,6,2,skirt,dress,skirt,mobile,female,6.166666666666667,1500.0,1143.11
CUST_0065,18,9,1222.7708333333333,14673.25,104.56550347712314,12,3,dress,skirt,blouse,mobile,male,5.5,1390.9,1000.0
CUST_0066,27,14,1236.68,8656.76,144.21306598224723,7,3,dress,blouse,skirt,mobile,female,5.857142857142857,1500.0,1092.7
CUST_0067,24,3,1217.1125,9736.9,122.23049967172682,8,3,blouse,dress,skirt,mobile,unknown,5.125,1354.36,1015.16
CUST_0068,18,1,1159.200909090909,12751.21,120.74909353320591,11,3,blouse,dress,skirt,mobile,unknown,5.181818181818182,1358.17,1000.0
CUST_0069,18,1,1291.2508333333333,15495.01,101.35861119253163,12,3,dress,blouse,skirt,mobile,unknown,5.75,1454.15,1106.33
CUST_0070,23,1,1238.94,9911.52,174.53151184978438,8,3,skirt,dress,blouse,mobile,unknown,5.25,1454.15,1015.16
CUST_0071,26,6,1250.0014285714285,8750.01,95.7105975373281,7,2,dress,skirt,dress,mobile,female,5.0,1415.16,1143.79
CUST_0072,22,5,1250.9766666666667,11258.79,126.65848333214798,9,3,dress,blouse,skirt,mobile,female,5.0,1487.11,1035.35
CUST_0073,20,7,1162.4250000000002,2324.8500000000004,84.78917413207888,2,2,skirt,dress,skirt,mobile,male,9.5,1222.38,1102.47
CUST_0074,24,7,1270.2958333333333,15243.55,138.66276641604813,12,3,skirt,blouse,dress,mobile,unknown,6.0,1470.94,1015.16
CUST_0075,29,10,1207.965,9663.72,90.76411358177698,8,2,dress,blouse,dress,mobile,female,5.875,1319.54,1065.04
CUST_0076,21,0,1262.0283333333334,7572.17,129.46837380868988,6,3,dress,blouse,skirt,desktop,unknown,5.0,1397.35,1065.04
CUST_0077,20,10,1252.8583333333333,7517.15,164.7210450934144,6,2,dress,blouse,dress,mobile,male,5.833333333333333,1500.0,1000.0
CUST_0078,26,6,1234.6833333333334,7408.1,107.44405887096164,6,3,dress,skirt,blouse,mobile,female,5.833333333333333,1415.16,1109.22
CUST_0079,26,2,1256.6799999999998,6283.4,72.15652049537869,5,2,blouse,dress,blouse,mobile,female,6.2,1340.31,1141.36
CUST_0080,26,6,1247.2250000000001,7483.35,76.51260360228255,6,3,blouse,skirt,dress,mobile,female,5.5,1294.66,1093.55
CUST_0081,25,9,1224.3716666666667,7346.23,148.46495066737694,6,2,dress,blouse,dress,mobile,female,6.333333333333333,1395.08,1000.0
CUST_0082,21,14,1202.566,6012.83,80.52333686578069,5,3,skirt,dress,blouse,mobile,unknown,7.2,1270.3,1065.04
CUST_0083,23,3,1162.3183333333334,6973.91,112.2472113536308,6,3,dress,blouse,skirt,mobile,female,4.333333333333333,1319.54,1000.0
CUST_0084,22,2,1247.21,6236.05,82.39259766508151,5,2,dress,blouse,dress,mobile,female,5.4,1354.36,1136.95
CUST_0085,26,11,1203.1325000000002,4812.530000000001,98.58427236802702,4,2,dress,skirt,dress,mobile,unknown,5.25,1314.16,1092.7
CUST_0086,23,12,1157.4599999999998,5787.299999999999,38.80050579567229,5,3,dress,blouse,skirt,mobile,female,5.2,1197.3,1102.47
CUST_0087,18,4,1214.14875,9713.19,109.79715484701775,8,3,dress,blouse,skirt,mobile,female,4.875,1345.18,1015.16
CUST_0088,29,14,1215.202,6076.01,107.28141250934385,5,2,skirt,dress,skirt,mobile,female,4.8,1386.13,1109.22
CUST_0089,24,1,1208.78,10879.02,109.84884569261533,9,3,blouse,dress,skirt,mobile,female,4.666666666666667,1367.76,1052.56
CUST_0090,27,9,1203.32875,9626.63,153.12339687207464,8,3,dress,skirt,blouse,mobile,female,4.625,1454.15,1000.0
CUST_0091,28,6,1284.36,14127.96,89.1228857252726,11,3,dress,blouse,skirt,mobile,female,5.363636363636363,1500.0,1187.61
CUST_0092,21,12,1257.5508333333335,15090.61,123.2067988426799,12,3,blouse,dress,skirt,mobile,female,4.75,1447.81,1000.0
CUST_0093,20,10,1316.8916666666667,7901.35,110.5741630611178,6,2,skirt,dress,skirt,mobile,unknown,3.5,1500.0,1187.61
CUST_0094,30,15,1245.684,6228.42,113.52325281632842,5,3,blouse,dress,skirt,mobile,female,4.8,1390.9,1091.34
CUST_0095,22,3,1191.675,9533.4,164.0298620025373,8,3,skirt,dress,blouse,mobile,unknown,4.5,1500.0,1000.0
CUST_0096,20,3,1257.420909090909,13831.63,108.32738983789329,11,2,blouse,skirt,blouse,mobile,unknown,5.181818181818182,1500.0,1138.06
CUST_0097,23,6,1209.5042857142857,8466.53,119.35254624530677,7,3,dress,blouse,skirt,mobile,female,5.857142857142857,1319.54,1000.0
CUST_0098,26,15,1245.9969999999998,12459.97,125.37498492743904,10,3,dress,skirt,blouse,mobile,female,7.3,1485.13,1015.16
CUST_0099,27,0,1252.4199999999998,16281.46,111.53139849387705,13,3,dress,blouse,skirt,mobile,male,4.769230769230769,1415.12,1000.0
CUST_0100,21,22,1256.31875,10050.55,157.56662875816787,8,3,blouse,dress,skirt,mobile,female,3.25,1500.0,1066.11
CUST_0101,22,14,1296.7728571428572,9077.41,60.797879818922866,7,3,blouse,dress,skirt,mobile,unknown,4.857142857142857,1353.99,1189.36
CUST_0102,22,2,1238.93375,9911.47,129.95105308620737,8,3,blouse,dress,skirt,mobile,unknown,5.0,1447.81,1069.79
CUST_0103,21,10,1227.916,18418.739999999998,118.82039680603187,15,3,dress,blouse,skirt,mobile,unknown,5.133333333333334,1454.15,1000.0
CUST_0104,22,9,1263.81125,10110.49,105.9615150403337,8,2,blouse,skirt,blouse,desktop,unknown,5.75,1470.94,1160.33
CUST_0105,25,3,1188.492,5942.46,94.09386095808799,5,3,dress,skirt,blouse,mobile,female,6.2,1325.62,1093.55
CUST_0106,24,3,1300.0275000000001,5200.110000000001,146.0878444350065,4,2,skirt,dress,skirt,mobile,unknown,4.5,1500.0,1153.01
CUST_0107,27,19,1286.0066666666667,7716.04,129.84538292394797,6,3,skirt,dress,blouse,mobile,female,3.8333333333333335,1500.0,1143.79
CUST_0108,22,6,1239.924,6199.62,45.316689861462685,5,3,dress,skirt,blouse,mobile,unknown,4.8,1290.03,1180.99
CUST_0109,25,5,1258.1421428571427,17613.989999999998,110.53280140918642,14,3,skirt,dress,blouse,mobile,female,5.285714285714286,1500.0,1091.34
CUST_0110,20,7,1303.2966666666666,7819.78,125.3136464502836,6,2,dress,blouse,dress,mobile,unknown,6.5,1485.13,1112.09
CUST_0111,27,7,1238.5166666666667,14862.2,150.6420660997049,12,3,skirt,blouse,dress,mobile,male,5.083333333333333,1500.0,1015.16
CUST_0112,24,4,1282.0946153846153,16667.23,128.45056660153904,13,3,dress,skirt,blouse,mobile,female,5.3076923076923075,1487.11,1091.34
CUST_0113,25,2,1253.3522222222223,11280.17,93.64055568739673,9,3,blouse,skirt,dress,mobile,female,4.555555555555555,1367.76,1091.34
CUST_0114,25,11,1215.9299999999998,2431.8599999999997,176.19686773606404,2,2,skirt,blouse,skirt,mobile,female,9.5,1340.52,1091.34
CUST_0115,18,5,1245.5610000000001,12455.61,95.00329636971088,10,3,dress,skirt,blouse,mobile,unknown,6.6,1362.76,1066.11
CUST_0116,24,13,1162.032857142857,8134.23,103.63075552400548,7,3,dress,blouse,skirt,mobile,female,6.0,1333.37,1065.04
CUST_0117,21,6,1193.0842857142857,8351.59,125.54234821460877,7,3,blouse,dress,skirt,mobile,female,5.714285714285714,1397.35,1054.67
CUST_0118,22,10,1245.856,12458.56,94.50149395644506,10,3,skirt,blouse,dress,mobile,female,5.7,1386.13,1138.06
CUST_0119,27,6,1328.6960000000001,6643.4800000000005,114.24292835882657,5,3,skirt,dress,blouse,mobile,unknown,6.0,1500.0,1211.16
CUST_0120,26,7,1253.8733333333334,11284.86,150.15751130063398,9,3,skirt,dress,blouse,mobile,female,4.888888888888889,1485.13,1091.34
CUST_0121,20,10,1259.17875,10073.43,108.8888250120278,8,3,skirt,blouse,dress,mobile,unknown,6.0,1386.13,1066.11
CUST_0122,22,5,1235.324,12353.24,165.7950177645745,10,3,dress,skirt,blouse,mobile,unknown,5.4,1454.15,1035.35
CUST_0123,27,11,1226.199,12261.99,103.55910405281726,10,3,dress,skirt,blouse,mobile,female,5.4,1390.9,1054.67
CUST_0124,28,12,1303.3676923076923,16943.78,104.8699015569487,13,3,blouse,skirt,dress,mobile,female,5.076923076923077,1500.0,1160.33
CUST_0125,22,1,1274.615,5098.46,35.91018193586137,4,2,dress,blouse,dress,mobile,unknown,4.5,1304.83,1225.37
CUST_0126,25,14,1485.47,2970.94,20.54852306128103,2,2,skirt,dress,skirt,mobile,female,6.5,1500.0,1470.94
CUST_0127,18,14,1292.035,7752.21,132.16758222045226,6,3,dress,skirt,blouse,mobile,female,5.5,1500.0,1112.09
CUST_0128,19,13,1269.71,7618.26,141.68570344251393,6,3,skirt,dress,blouse,mobile,female,4.833333333333333,1500.0,1109.22
CUST_0129,24,2,1158.8866666666665,6953.32,101.61724256575098,6,3,dress,skirt,blouse,mobile,female,5.5,1255.98,1015.16
CUST_0130,23,3,1220.2958333333333,14643.55,108.66917974529463,12,3,dress,blouse,skirt,mobile,unknown,4.75,1387.37,1035.35
CUST_0131,21,5,1285.1976923076923,16707.57,91.8986733812342,13,3,dress,blouse,skirt,mobile,unknown,7.461538461538462,1500.0,1166.03
CUST_0132,24,6,1178.1883333333333,7069.129999999999,100.43914524062151,6,3,skirt,dress,blouse,mobile,unknown,6.333333333333333,1284.79,1015.16
CUST_0133,24,6,1208.172,6040.860000000001,107.70343782813993,5,3,skirt,dress,blouse,mobile,unknown,4.6,1340.52,1093.55
CUST_0134,24,10,1240.4569230769232,16125.94,112.3639485025198,13,3,dress,blouse,skirt,mobile,female,6.769230769230769,1447.81,1054.67
CUST_0135,27,9,1249.4633333333334,3748.3900000000003,84.4522808059874,3,3,blouse,skirt,dress,desktop,female,6.0,1310.13,1153.01
CUST_0136,26,13,1223.655,9789.24,96.44483737942048,8,2,dress,skirt,dress,mobile,female,3.875,1331.48,1066.11
CUST_0137,24,8,1231.78,11086.02,95.506199929638,9,3,dress,skirt,blouse,mobile,unknown,6.555555555555555,1367.76,1066.11
CUST_0138,27,11,1195.349,11953.49,95.07925225831343,10,3,blouse,skirt,dress,mobile,female,5.4,1397.35,1059.01
CUST_0139,27,11,1285.3954545454546,14139.35,116.13450033161006,11,3,skirt,blouse,dress,mobile,male,4.181818181818182,1500.0,1093.55
CUST_0140,26,9,1198.58625,9588.69,131.97155742675335,8,3,dress,blouse,skirt,mobile,female,5.0,1345.18,1000.0
CUST_0141,26,6,1220.42,6102.1,95.17875918501981,5,3,blouse,dress,skirt,mobile,male,5.0,1285.25,1054.67
CUST_0142,27,10,1197.8600000000001,9582.880000000001,119.56040230778753,8,3,skirt,blouse,dress,mobile,male,6.5,1367.76,1015.16
CUST_0143,27,6,1278.8433333333335,7673.06,161.98031592346842,6,3,dress,blouse,skirt,mobile,male,4.666666666666667,1470.94,1000.0
CUST_0144,24,2,1252.7223076923076,16285.39,99.18998783091688,13,3,blouse,skirt,dress,mobile,female,5.0,1500.0,1143.11
CUST_0145,20,6,1315.01,6575.05,78.0189810238509,5,2,skirt,blouse,skirt,mobile,female,5.8,1454.15,1270.81
CUST_0146,21,13,1263.49,10107.92,144.8233590077433,8,3,dress,blouse,skirt,mobile,unknown,6.75,1447.81,1000.0
CUST_0147,28,17,1245.8855555555556,11212.97,112.46721467955787,9,3,dress,blouse,skirt,mobile,female,6.555555555555555,1397.35,1065.04
CUST_0148,29,2,1178.8633333333332,7073.179999999999,104.39695123262298,6,2,dress,blouse,dress,mobile,male,5.833333333333333,1297.35,1035.35
CUST_0149,26,10,1229.93,13529.23,81.87170439168837,11,3,skirt,dress,blouse,mobile,female,6.545454545454546,1340.68,1106.33
CUST_0150,28,9,1250.7366666666667,7504.42,171.74032917945237,6,2,dress,blouse,dress,mobile,female,6.5,1500.0,1052.56
CUST_0151,24,3,1295.3946666666666,19430.92,107.85496470900611,15,3,dress,skirt,blouse,mobile,unknown,4.666666666666667,1470.94,1093.55
CUST_0152,24,18,1235.9642857142858,8651.75,85.93926515416621,7,3,dress,skirt,blouse,desktop,male,5.571428571428571,1340.52,1092.7
CUST_0153,25,18,1291.73,5166.92,67.10124539331095,4,3,blouse,dress,skirt,mobile,female,6.0,1362.76,1213.93
CUST_0154,22,4,1296.8983333333333,7781.389999999999,68.19081035349753,6,2,dress,blouse,dress,mobile,unknown,5.166666666666667,1391.78,1197.3
CUST_0155,22,7,1185.745,2371.49,35.94223768771224,2,2,skirt,blouse,skirt,mobile,unknown,5.0,1211.16,1160.33
CUST_0156,20,2,1240.52,8683.64,134.3514212801635,7,3,dress,skirt,blouse,mobile,unknown,6.0,1395.08,1000.0
CUST_0157,25,10,1284.2035714285714,17978.85,123.98240598551091,14,3,skirt,dress,blouse,mobile,male,5.571428571428571,1454.15,1015.16
CUST_0158,26,15,1310.8566666666666,11797.71,72.20493179139503,9,3,blouse,dress,skirt,mobile,female,4.777777777777778,1390.9,1200.35
CUST_0159,25,12,1270.7077777777777,11436.369999999999,101.04934373584247,9,3,blouse,dress,skirt,mobile,female,4.111111111111111,1447.81,1093.55
CUST_0160,28,6,1207.686,6038.429999999999,50.19562261791359,5,3,blouse,dress,skirt,mobile,female,5.2,1270.81,1160.33
CUST_0161,24,12,1195.3899999999999,4781.5599999999995,130.83945454894976,4,2,skirt,blouse,skirt,desktop,unknown,7.25,1386.13,1091.34
CUST_0162,27,8,1287.9289999999999,12879.289999999999,140.33117982908226,10,3,blouse,dress,skirt,mobile,unknown,7.0,1500.0,1000.0
CUST_0163,19,9,1276.3392307692307,16592.41,114.93064636709815,13,3,dress,blouse,skirt,mobile,unknown,5.3076923076923075,1500.0,1000.0
CUST_0164,26,11,1316.58,3949.74,91.30921749746841,3,2,skirt,blouse,skirt,mobile,female,6.0,1370.82,1211.16
CUST_0165,24,10,1201.4733333333334,7208.84,78.91920112790464,6,2,dress,skirt,dress,mobile,female,7.666666666666667,1285.25,1067.43
CUST_0166,23,9,1343.8799999999999,6719.4,94.04839233075701,5,3,blouse,dress,skirt,mobile,unknown,5.6,1487.11,1250.52
CUST_0167,24,6,1201.3442857142857,8409.41,143.33498931490792,7,2,dress,skirt,dress,mobile,unknown,5.857142857142857,1387.37,1000.0
CUST_0168,19,2,1186.0377777777778,10674.34,78.77543141388968,9,3,blouse,dress,skirt,mobile,unknown,5.111111111111111,1303.73,1092.7
CUST_0169,24,17,1275.7738461538463,16585.06,112.32058156147386,13,3,blouse,dress,skirt,mobile,unknown,5.230769230769231,1470.94,1035.35
CUST_0170,24,7,1227.18375,9817.47,105.55227979367787,8,3,dress,blouse,skirt,mobile,unknown,4.125,1395.08,1069.79
CUST_0171,24,6,1175.72,5878.6,120.45729014883246,5,1,skirt,skirt,skirt,mobile,unknown,4.2,1329.66,1067.43
CUST_0172,25,16,1280.00875,10240.07,97.18056822776578,8,3,skirt,dress,blouse,mobile,female,5.625,1454.15,1143.79
CUST_0173,23,7,1276.67375,10213.39,126.92996943618729,8,3,dress,skirt,blouse,mobile,female,4.625,1500.0,1091.34
CUST_0174,26,7,1281.8244444444445,11536.42,99.36089108788117,9,3,dress,skirt,blouse,mobile,female,5.222222222222222,1485.13,1143.79
CUST_0175,24,6,1205.13875,9641.11,88.36208114303653,8,3,skirt,blouse,dress,desktop,unknown,5.25,1331.48,1066.11
CUST_0176,25,11,1282.128888888889,11539.16,66.83135537388952,9,2,blouse,skirt,blouse,mobile,unknown,6.111111111111111,1358.17,1167.06
CUST_0177,27,3,1297.81,10382.48,126.17585415375073,8,3,dress,skirt,blouse,mobile,female,6.375,1454.15,1052.56
CUST_0178,26,4,1274.3,10194.4,81.35741076087844,8,3,blouse,skirt,dress,mobile,unknown,4.625,1390.9,1110.03
CUST_0179,25,3,1230.8455555555556,11077.61,91.5696369042588,9,2,blouse,dress,blouse,mobile,female,6.111111111111111,1390.9,1122.09
CUST_0180,18,4,1322.1266666666666,11899.14,109.38772463124,9,3,dress,blouse,skirt,mobile,unknown,5.444444444444445,1500.0,1196.15
CUST_0181,19,11,1242.9033333333334,7457.42,82.26344210320092,6,3,skirt,blouse,dress,mobile,unknown,6.166666666666667,1386.13,1143.79
CUST_0182,21,8,1279.304285714286,8955.130000000001,171.8961267604308,7,3,skirt,dress,blouse,mobile,unknown,5.142857142857143,1500.0,1000.0
CUST_0183,22,6,1228.8915384615384,15975.59,119.05382892107767,13,3,dress,blouse,skirt,mobile,unknown,4.6923076923076925,1500.0,1067.43
CUST_0184,24,7,1246.7633333333333,3740.29,25.221144568265284,3,2,dress,skirt,dress,mobile,unknown,4.666666666666667,1270.91,1220.59
CUST_0185,22,3,1260.29,21424.93,123.99042064812912,17,2,dress,blouse,dress,mobile,male,5.117647058823529,1500.0,1052.56
CUST_0186,20,11,1215.6255555555556,10940.630000000001,145.34185409845915,9,3,dress,skirt,blouse,mobile,unknown,4.777777777777778,1485.13,1015.16
CUST_0187,30,5,1192.9212499999999,9543.369999999999,126.93677261168817,8,3,dress,blouse,skirt,mobile,female,5.875,1391.78,1059.01
CUST_0188,27,2,1228.445,12284.449999999999,111.08672770507835,10,3,blouse,dress,skirt,mobile,unknown,5.2,1447.81,1066.11
CUST_0189,25,7,1247.006153846154,16211.08,107.74034462064029,13,3,dress,blouse,skirt,mobile,female,4.461538461538462,1390.9,1054.67
CUST_0190,22,12,1262.212857142857,8835.49,44.90501743097522,7,3,dress,blouse,skirt,mobile,unknown,3.7142857142857144,1314.16,1205.25
CUST_0191,26,5,1166.1933333333334,10495.74,128.496960956281,9,3,dress,skirt,blouse,mobile,male,6.0,1387.37,1000.0
CUST_0192,25,9,1265.1483333333333,15181.779999999999,82.220247432605,12,3,blouse,dress,skirt,desktop,female,6.25,1395.08,1066.11
CUST_0193,22,9,1262.4625,10099.7,92.64138626985248,8,2,dress,blouse,dress,mobile,unknown,5.25,1415.16,1136.95
CUST_0194,30,7,1281.7242857142858,8972.07,71.58129291398771,7,3,skirt,blouse,dress,mobile,unknown,4.285714285714286,1338.01,1138.06
CUST_0195,30,3,1245.4266666666665,7472.5599999999995,83.97480495164413,6,3,skirt,blouse,dress,desktop,male,6.666666666666667,1395.08,1166.03
CUST_0196,20,18,1213.895,9711.16,130.12438324267168,8,3,dress,skirt,blouse,mobile,unknown,5.75,1500.0,1054.67
CUST_0197,22,14,1228.7599999999998,6143.799999999999,155.5016377727258,5,2,skirt,blouse,skirt,mobile,female,5.2,1500.0,1138.06
CUST_0198,22,3,1236.1057142857142,8652.74,70.14839410305912,7,3,dress,skirt,blouse,mobile,unknown,5.714285714285714,1329.66,1102.47
CUST_0199,27,13,1235.26875,9882.15,126.2399070293769,8,2,dress,skirt,dress,mobile,female,6.375,1500.0,1093.55
CUST_0200,24,7,1344.2375,5376.95,76.83767061149108,4,2,dress,blouse,dress,mobile,unknown,5.5,1447.81,1262.84
CUST_0201,20,9,1276.6271428571429,8936.39,79.21522090993328,7,3,skirt,blouse,dress,mobile,unknown,5.0,1386.13,1192.85
CUST_0202,20,2,1231.105,9848.84,144.76668342050053,8,3,blouse,dress,skirt,mobile,unknown,6.75,1500.0,1052.56
CUST_0203,19,11,1296.4785714285715,9075.35,91.24162234210361,7,2,skirt,dress,skirt,mobile,unknown,6.428571428571429,1485.13,1217.54
CUST_0204,21,5,1275.8953333333334,19138.43,128.54934804894785,15,3,dress,skirt,blouse,mobile,male,5.533333333333333,1500.0,1091.34
CUST_0205,21,2,1292.5618181818181,14218.18,111.87053319066479,11,3,blouse,dress,skirt,mobile,female,6.181818181818182,1487.11,1141.36
CUST_0206,20,6,1174.5325,9396.26,127.27021711416121,8,2,dress,blouse,dress,mobile,unknown,5.375,1340.68,1000.0
CUST_0207,26,3,1242.3983333333333,7454.39,140.4886622353088,6,3,skirt,blouse,dress,desktop,female,5.833333333333333,1386.13,1015.16
CUST_0208,26,3,1258.3714285714286,8808.6,130.85088121325637,7,3,dress,blouse,skirt,mobile,female,6.571428571428571,1500.0,1112.09
CUST_0209,21,11,1294.307,12943.07,126.45384068241391,10,3,blouse,dress,skirt,mobile,unknown,5.3,1500.0,1092.7
CUST_0210,21,7,1234.9677777777777,11114.71,84.34243975866745,9,3,dress,blouse,skirt,mobile,unknown,5.111111111111111,1362.76,1106.33
CUST_0211,26,13,1210.8416666666665,7265.049999999999,87.55826161286366,6,3,blouse,skirt,dress,mobile,female,5.833333333333333,1319.54,1091.34
CUST_0212,24,8,1237.2566666666667,11135.31,109.2486561702248,9,3,dress,skirt,blouse,mobile,male,5.777777777777778,1447.81,1109.22
CUST_0213,23,4,1236.3871428571426,8654.71,140.94674534663628,7,3,blouse,dress,skirt,mobile,unknown,5.142857142857143,1500.0,1069.79
CUST_0214,27,2,1334.041111111111,12006.369999999999,105.82752045716235,9,2,skirt,dress,skirt,mobile,unknown,5.444444444444445,1500.0,1217.54
CUST_0215,24,13,1193.6871428571428,8355.81,141.309358585373,7,3,dress,blouse,skirt,mobile,unknown,6.142857142857143,1387.37,1035.35
CUST_0216,27,10,1283.6028571428574,8985.220000000001,99.65502959614987,7,3,dress,blouse,skirt,mobile,male,4.857142857142857,1500.0,1213.93
CUST_0217,28,1,1253.9309090909092,13793.24,136.3659795883523,11,3,dress,blouse,skirt,mobile,female,7.090909090909091,1391.78,1000.0
CUST_0218,25,0,1245.735,14948.82,114.24843714865025,12,3,skirt,dress,blouse,mobile,female,4.666666666666667,1487.11,1067.43
CUST_0219,23,6,1186.9471428571428,8308.63,117.25596526606309,7,3,skirt,dress,blouse,mobile,female,6.571428571428571,1386.13,1000.0
CUST_0220,22,14,1258.7700000000002,3776.3100000000004,188.8154863881668,3,2,skirt,blouse,skirt,mobile,unknown,6.333333333333333,1470.94,1109.22
CUST_0221,23,8,1198.9533333333334,10790.58,107.20075454491915,9,3,blouse,dress,skirt,mobile,male,4.222222222222222,1329.66,1015.16
CUST_0222,23,2,1286.7122222222222,11580.41,131.62751657402197,9,3,dress,blouse,skirt,mobile,unknown,5.888888888888889,1485.13,1092.7
CUST_0223,27,6,1365.1533333333334,4095.46,80.88127492401023,3,2,dress,skirt,dress,mobile,male,4.0,1454.15,1296.13
CUST_0224,23,6,1242.8666666666666,11185.8,124.69546162551397,9,3,skirt,dress,blouse,mobile,female,6.333333333333333,1500.0,1143.11
CUST_0225,28,5,1230.4959999999999,12304.96,112.47338808209999,10,3,skirt,blouse,dress,mobile,unknown,5.4,1454.15,1054.67
CUST_0226,24,8,1218.808,6094.04,129.14479652699913,5,3,dress,blouse,skirt,mobile,female,6.6,1395.08,1065.04
CUST_0227,20,10,1266.565,12665.65,108.66312757529327,10,3,dress,blouse,skirt,mobile,unknown,5.9,1485.13,1122.09
CUST_0228,25,3,1249.91,11249.19,71.65621571085094,9,3,dress,blouse,skirt,mobile,female,3.888888888888889,1353.99,1112.09
CUST_0229,24,9,1204.033,12040.33,101.3912184505586,10,3,skirt,blouse,dress,mobile,unknown,5.5,1340.68,1015.16
CUST_0230,22,12,1285.695,10285.56,133.81578894670312,8,3,dress,blouse,skirt,mobile,male,5.875,1485.13,1066.11
CUST_0231,24,2,1219.3999999999999,4877.599999999999,100.05939169646523,4,2,skirt,dress,skirt,mobile,unknown,4.25,1325.62,1091.34
CUST_0232,18,9,1259.7014285714286,8817.91,120.5334889050303,7,2,dress,skirt,dress,mobile,unknown,4.714285714285714,1485.13,1112.09
CUST_0233,25,16,1217.25,7303.5,99.21187832109631,6,3,skirt,blouse,dress,mobile,female,4.666666666666667,1331.48,1035.35
CUST_0234,18,3,1230.4383333333333,14765.26,100.66148201077735,12,3,dress,blouse,skirt,mobile,unknown,5.583333333333333,1447.81,1035.35
CUST_0235,22,8,1147.2060000000001,5736.030000000001,189.0049752784302,5,3,dress,skirt,blouse,mobile,unknown,7.0,1485.13,1054.67
CUST_0236,22,7,1281.8880000000001,12818.880000000001,107.29665406401706,10,3,dress,skirt,blouse,mobile,unknown,5.8,1500.0,1138.06
CUST_0237,26,12,1201.2977777777778,10811.68,90.8237103924104,9,3,dress,blouse,skirt,mobile,male,5.777777777777778,1297.35,1054.67
CUST_0238,21,9,1206.47375,9651.79,126.42443072416248,8,3,dress,skirt,blouse,mobile,unknown,6.125,1370.82,1000.0
CUST_0239,18,12,1247.5925,9980.74,89.90760396095536,8,3,skirt,blouse,dress,mobile,female,6.0,1391.78,1120.14
CUST_0240,29,9,1301.02,6505.1,73.97669024767198,5,3,blouse,dress,skirt,mobile,female,5.0,1386.13,1192.85
CUST_0241,51,7,1211.6299999999999,8481.41,144.90711289190284,7,3,jeans,shoes,jacket,mobile,female,5.714285714285714,1475.77,1032.04
CUST_0242,49,9,1264.3053846153848,16435.97,124.65007518485393,13,3,shoes,jacket,jeans,desktop,female,5.230769230769231,1500.0,1095.17
CUST_0243,44,12,1298.8822727272727,28575.41,115.4035581250512,22,3,jacket,jeans,shoes,desktop,male,4.954545454545454,1500.0,1127.49
CUST_0244,53,10,1269.26,15231.119999999999,117.45244561871918,12,3,jeans,jacket,shoes,desktop,male,5.583333333333333,1490.79,1130.07
CUST_0245,46,10,1281.341111111111,11532.07,131.24712696326387,9,3,jeans,shoes,jacket,mobile,male,6.333333333333333,1490.79,1127.49
CUST_0246,46,5,1256.2327272727273,27637.12,118.79605032643204,22,3,shoes,jeans,jacket,desktop,female,4.545454545454546,1446.99,1029.23
CUST_0247,45,3,1274.847142857143,17847.86,122.14888540872325,14,3,shoes,jeans,jacket,desktop,female,4.214285714285714,1500.0,1076.76
CUST_0248,49,15,1289.9861904761904,27089.71,140.05061276110828,21,3,shoes,jeans,jacket,mobile,male,4.857142857142857,1500.0,1000.0
CUST_0249,53,16,1212.0842857142857,8484.59,133.4757751875027,7,3,jacket,jeans,shoes,desktop,female,8.0,1438.02,1074.69
CUST_0250,40,6,1245.1576470588236,21167.68,112.93508730291767,17,3,shoes,jeans,jacket,mobile,male,5.9411764705882355,1474.7,1076.76
CUST_0251,60,12,1275.56875,20409.1,127.62324542052149,16,3,jacket,shoes,jeans,desktop,male,5.3125,1500.0,1000.0
CUST_0252,47,16,1204.1950000000002,12041.95,74.16250538887934,10,3,shoes,jacket,jeans,desktop,male,5.1,1313.46,1029.23
CUST_0253,46,3,1265.076,18976.14,138.98830540732553,15,3,shoes,jacket,jeans,desktop,male,4.466666666666667,1490.79,1000.0
CUST_0254,52,10,1278.383,25567.66,148.09598719109596,20,3,jeans,shoes,jacket,desktop,female,5.4,1500.0,1000.0
CUST_0255,41,6,1245.6573684210525,23667.489999999998,85.60761569458809,19,3,jeans,jacket,shoes,desktop,female,5.578947368421052,1397.64,1025.46
CUST_0256,48,19,1247.682,18715.23,134.91991207485168,15,3,jeans,jacket,shoes,desktop,male,5.733333333333333,1443.08,1000.0
CUST_0257,47,8,1272.0526666666667,19080.79,83.96659467283632,15,3,jeans,jacket,shoes,desktop,female,6.6,1420.12,1125.84
CUST_0258,48,4,1258.928695652174,28955.36,118.81519623900066,23,3,jacket,jeans,shoes,desktop,unknown,4.434782608695652,1457.47,1029.23
CUST_0259,57,13,1237.5628571428572,17325.88,116.48917667970908,14,3,jacket,jeans,shoes,desktop,female,6.428571428571429,1420.12,1025.46
CUST_0260,51,4,1299.4105263157894,24688.8,132.17466699088763,19,3,shoes,jeans,jacket,desktop,male,5.2105263157894735,1500.0,1090.38
CUST_0261,47,10,1282.6164285714287,17956.63,115.34343351701689,14,3,jacket,jeans,shoes,desktop,male,6.0,1485.43,1074.69
CUST_0262,54,3,1273.9576470588236,21657.28,117.3383657701847,17,3,jeans,jacket,shoes,desktop,female,4.411764705882353,1500.0,1135.97
CUST_0263,45,1,1210.4209523809525,25418.84,130.82062906532605,21,3,jacket,jeans,shoes,desktop,unknown,5.333333333333333,1500.0,1000.0
CUST_0264,52,11,1311.2530000000002,13112.53,90.43257353778374,10,3,jeans,shoes,jacket,desktop,unknown,4.4,1500.0,1177.67
CUST_0265,50,4,1286.4282352941175,21869.28,117.01263902006988,17,3,shoes,jacket,jeans,desktop,male,5.588235294117647,1475.77,1062.85
CUST_0266,42,16,1252.4424999999999,10019.539999999999,75.60117227927087,8,3,jacket,jeans,shoes,desktop,male,5.0,1363.08,1177.67
CUST_0267,54,6,1219.70625,19515.3,163.96248054051878,16,3,shoes,jeans,jacket,desktop,female,6.375,1500.0,1000.0
CUST_0268,53,4,1266.25,12662.5,104.51987413352968,10,3,shoes,jacket,jeans,desktop,female,4.6,1446.99,1130.07
CUST_0269,50,4,1219.6699999999998,15855.71,108.91520952863584,13,3,jacket,shoes,jeans,desktop,female,5.461538461538462,1490.79,1090.38
CUST_0270,47,2,1230.5347368421053,23380.16,90.6271456370319,19,3,jeans,jacket,shoes,desktop,male,6.0,1415.54,1032.04
CUST_0271,55,5,1232.0392307692307,16016.51,118.70668265810613,13,3,shoes,jacket,jeans,desktop,female,5.769230769230769,1438.02,1000.0
CUST_0272,53,5,1255.4111764705883,21341.99,134.76482195302088,17,3,jacket,jeans,shoes,desktop,male,5.588235294117647,1485.43,1000.0
CUST_0273,50,14,1273.3014285714287,8913.11,152.31791768409602,7,3,shoes,jacket,jeans,mobile,male,5.428571428571429,1446.99,1078.7
CUST_0274,50,4,1240.31625,19845.06,100.13760198679951,16,3,jacket,jeans,shoes,desktop,male,5.0625,1500.0,1125.84
CUST_0275,47,5,1288.575625,20617.21,113.40476503620411,16,3,shoes,jacket,jeans,desktop,male,4.8125,1500.0,1095.17
CUST_0276,52,13,1296.7814285714285,27232.41,106.11797549358518,21,3,jacket,jeans,shoes,desktop,female,4.714285714285714,1474.7,1050.94
CUST_0277,58,10,1269.858,19047.87,104.44207705709415,15,3,shoes,jeans,jacket,desktop,female,5.0,1475.77,1029.23
CUST_0278,50,2,1238.6325,14863.59,143.98169707703065,12,3,jacket,jeans,shoes,desktop,female,7.25,1474.7,1000.0
CUST_0279,52,15,1238.7333333333333,29729.6,122.55118042348026,24,3,jeans,jacket,shoes,desktop,female,5.291666666666667,1437.07,1000.0
CUST_0280,47,4,1296.8014285714287,18155.22,105.78888678416544,14,3,shoes,jeans,jacket,desktop,female,5.857142857142857,1500.0,1178.12
CUST_0281,50,7,1302.0841176470587,22135.43,96.95428433408848,17,3,jacket,jeans,shoes,desktop,male,5.705882352941177,1449.44,1095.17
CUST_0282,43,1,1252.1158333333333,30050.78,117.9423976913663,24,3,jacket,jeans,shoes,mobile,female,5.375,1500.0,1000.0
CUST_0283,45,7,1199.1645454545455,13190.810000000001,107.58416950124554,11,3,shoes,jeans,jacket,desktop,unknown,6.090909090909091,1386.41,1025.46
CUST_0284,53,11,1323.2764285714286,18525.87,96.46366439132507,14,3,shoes,jeans,jacket,desktop,female,6.357142857142857,1500.0,1180.07
CUST_0285,45,5,1279.4982352941176,21751.47,107.02174768681917,17,3,jeans,jacket,shoes,desktop,female,5.117647058823529,1500.0,1095.17
CUST_0286,49,5,1279.792222222222,23036.26,117.21811205940506,18,3,shoes,jeans,jacket,desktop,male,6.5,1500.0,1127.49
CUST_0287,47,6,1215.2423529411765,20659.12,133.81465836789945,17,3,jacket,jeans,shoes,desktop,male,5.588235294117647,1420.12,1000.0
CUST_0288,54,4,1273.3148148148148,34379.5,105.1001522128141,27,3,jeans,jacket,shoes,desktop,male,5.444444444444445,1457.47,1029.23
CUST_0289,57,3,1292.9094117647057,21979.46,111.96413066639832,17,3,jacket,shoes,jeans,desktop,unknown,5.588235294117647,1500.0,1074.69
CUST_0290,45,9,1250.739,25014.78,131.74814884947406,20,3,jacket,shoes,jeans,desktop,male,5.8,1490.79,1000.0
CUST_0291,48,1,1291.1815000000001,25823.63,113.87014234945089,20,3,jacket,jeans,shoes,desktop,male,5.55,1500.0,1076.76
CUST_0292,44,5,1296.1985714285713,18146.78,108.42633627399849,14,3,jeans,shoes,jacket,desktop,female,4.857142857142857,1490.79,1099.63
CUST_0293,51,5,1240.2285714285715,17363.2,105.05560497309857,14,3,jacket,jeans,shoes,desktop,female,4.714285714285714,1393.55,1076.76
CUST_0294,59,10,1239.40375,19830.46,93.08458790261682,16,3,shoes,jeans,jacket,mobile,male,4.9375,1387.05,1095.17
CUST_0295,60,10,1231.6516666666666,22169.73,121.638682665459,18,3,shoes,jacket,jeans,desktop,male,5.055555555555555,1474.7,1025.46
CUST_0296,45,12,1225.536,12255.36,117.96281280320696,10,3,shoes,jacket,jeans,desktop,male,5.6,1384.48,1000.0
CUST_0297,55,3,1301.5565000000001,26031.13,111.13190153928278,20,3,jacket,jeans,shoes,desktop,female,4.8,1500.0,1074.69
CUST_0298,45,4,1256.6004761904762,26388.61,146.3908930048652,21,3,shoes,jeans,jacket,desktop,male,5.523809523809524,1485.43,1000.0
CUST_0299,57,11,1258.0058823529412,21386.1,152.8512271809922,17,3,jeans,jacket,shoes,desktop,unknown,5.235294117647059,1500.0,1000.0
CUST_0300,52,10,1280.99,17933.86,87.68502029774174,14,3,jeans,jacket,shoes,desktop,female,5.214285714285714,1443.08,1135.97
CUST_0301,51,3,1247.9875,19967.8,116.48478747601905,16,3,jeans,jacket,shoes,desktop,female,4.875,1437.07,1000.0
CUST_0302,49,6,1271.99,15263.88,58.04352066259496,12,3,jacket,jeans,shoes,mobile,unknown,5.75,1363.08,1195.44
CUST_0303,51,8,1252.5805555555555,22546.45,112.66979617564522,18,3,jeans,jacket,shoes,desktop,unknown,5.222222222222222,1443.08,1000.0
CUST_0304,54,5,1296.6924999999999,25933.85,159.734232229828,20,3,jeans,shoes,jacket,desktop,male,5.9,1500.0,1025.46
CUST_0305,50,8,1228.9737499999999,19663.579999999998,135.58497684109398,16,3,shoes,jeans,jacket,desktop,male,5.6875,1443.08,1000.0
CUST_0306,50,3,1299.985,23399.73,126.79918691750817,18,3,jacket,jeans,shoes,mobile,female,5.111111111111111,1500.0,1032.04
CUST_0307,52,5,1218.6936363636362,13405.63,89.44732363494471,11,3,jeans,shoes,jacket,mobile,female,5.181818181818182,1415.54,1062.85
CUST_0308,52,1,1241.4542857142858,26070.54,107.84531179293008,21,3,shoes,jacket,jeans,mobile,male,5.190476190476191,1457.47,1074.69
CUST_0309,45,4,1260.0233333333333,18900.35,82.96753079769618,15,3,jacket,jeans,shoes,desktop,unknown,5.066666666666666,1449.44,1135.97
CUST_0310,50,8,1240.2653333333333,18603.98,130.01561037411003,15,3,jeans,jacket,shoes,desktop,male,5.6,1500.0,1000.0
CUST_0311,51,9,1242.548125,19880.77,112.88821374668244,16,3,jeans,shoes,jacket,desktop,male,5.5625,1500.0,1062.85
CUST_0312,49,7,1239.2794736842106,23546.31,125.87152181992222,19,3,jeans,shoes,jacket,desktop,male,6.0,1500.0,1029.23
CUST_0313,50,5,1299.024705882353,22083.42,70.41908087635477,17,3,jeans,jacket,shoes,desktop,female,5.823529411764706,1457.47,1155.98
CUST_0314,49,4,1319.42,10555.36,85.357133102211,8,3,jeans,shoes,jacket,desktop,male,6.625,1438.02,1162.66
CUST_0315,51,17,1236.76,16077.88,111.72087017801704,13,3,jacket,shoes,jeans,mobile,female,6.461538461538462,1451.01,1074.69
CUST_0316,46,9,1278.5057142857142,17899.079999999998,137.79555785595974,14,3,jeans,jacket,shoes,desktop,female,5.5,1475.77,1029.23
CUST_0317,48,8,1242.7578571428571,17398.61,153.82895627079657,14,3,shoes,jacket,jeans,desktop,male,5.428571428571429,1500.0,1000.0
CUST_0318,48,9,1304.43,16957.59,92.6578330921533,13,3,shoes,jacket,jeans,desktop,female,5.230769230769231,1443.08,1175.02
CUST_0319,52,16,1250.2286666666666,18753.43,133.1534829685903,15,3,jeans,shoes,jacket,desktop,male,5.6,1443.08,1000.0
CUST_0320,53,1,1267.4482352941177,21546.62,136.33659606995175,17,3,shoes,jacket,jeans,desktop,female,5.588235294117647,1500.0,1025.46
CUST_0321,46,1,1249.7875,24995.75,115.8108844932343,20,3,jeans,shoes,jacket,desktop,unknown,5.05,1474.7,1025.46
CUST_0322,53,4,1287.9992857142856,18031.989999999998,133.39805185201206,14,3,jacket,shoes,jeans,desktop,female,6.071428571428571,1490.79,1062.85
CUST_0323,49,5,1267.9880952380952,26627.75,135.4260138459021,21,3,jeans,jacket,shoes,mobile,male,5.857142857142857,1485.43,1000.0
CUST_0324,56,1,1300.7876923076922,16910.239999999998,94.9334480178831,13,3,shoes,jeans,jacket,desktop,female,4.461538461538462,1451.01,1127.49
CUST_0325,46,5,1219.4864285714286,17072.81,122.84324342630534,14,3,shoes,jacket,jeans,desktop,female,5.428571428571429,1475.77,1029.23
CUST_0326,56,8,1224.7,23269.3,134.09911301388658,19,3,jeans,jacket,shoes,mobile,unknown,5.7894736842105265,1485.43,1000.0
CUST_0327,50,14,1247.124375,19953.99,97.87823108119251,16,3,shoes,jeans,jacket,desktop,unknown,6.125,1437.07,1095.17
CUST_0328,49,12,1308.3181818181818,14391.5,144.85395533558489,11,3,jacket,jeans,shoes,mobile,male,5.7272727272727275,1500.0,1078.7
CUST_0329,42,8,1270.465882352941,21597.92,107.5429769940153,17,3,jeans,shoes,jacket,mobile,female,4.647058823529412,1474.7,1125.84
CUST_0330,50,3,1239.658181818182,27272.48,120.37123515890184,22,3,jeans,jacket,shoes,desktop,female,4.818181818181818,1500.0,1000.0
CUST_0331,56,4,1269.6094736842103,24122.579999999998,132.21960274372174,19,3,jeans,jacket,shoes,desktop,female,5.315789473684211,1485.43,1000.0
CUST_0332,52,2,1304.6566666666665,31311.76,86.33167133423468,24,3,shoes,jeans,jacket,mobile,male,5.583333333333333,1474.7,1190.8
CUST_0333,53,6,1238.7517647058824,21058.78,86.78542174778651,17,3,jeans,jacket,shoes,desktop,unknown,5.352941176470588,1386.41,1125.84
CUST_0334,49,2,1242.9207142857142,17400.89,115.78938894284846,14,3,jacket,jeans,shoes,desktop,female,5.642857142857143,1500.0,1050.94
CUST_0335,41,1,1262.2558333333334,15147.07,162.79298714280904,12,3,shoes,jeans,jacket,desktop,female,5.75,1500.0,1000.0
CUST_0336,45,4,1215.681,12156.81,113.85529670497453,10,3,jacket,jeans,shoes,desktop,male,5.1,1387.05,1032.04
CUST_0337,53,4,1230.3180952380953,25836.68,124.00758108353891,21,3,jacket,shoes,jeans,desktop,male,5.809523809523809,1500.0,1025.46
CUST_0338,49,5,1272.523888888889,22905.43,100.62857424496862,18,3,jacket,jeans,shoes,mobile,female,4.277777777777778,1474.7,1062.85
CUST_0339,54,10,1306.1354545454544,14367.49,91.41069470949617,11,3,jacket,jeans,shoes,desktop,male,5.181818181818182,1418.87,1099.63
CUST_0340,56,12,1281.9670588235294,21793.44,99.99218205469279,17,3,shoes,jeans,jacket,desktop,female,5.647058823529412,1451.01,1100.78
CUST_0341,53,2,1301.370625,20821.93,115.02904604019226,16,3,jeans,jacket,shoes,desktop,female,5.0,1490.79,1032.04
CUST_0342,53,14,1269.6666666666667,19045.0,93.8940216921387,15,3,jeans,shoes,jacket,desktop,male,6.6,1392.23,1120.66
CUST_0343,47,2,1205.4399999999998,10848.96,46.89871186930404,9,3,shoes,jacket,jeans,desktop,female,4.777777777777778,1264.0,1107.44
CUST_0344,55,3,1286.6545454545455,14153.2,122.25773074645522,11,3,jeans,jacket,shoes,desktop,male,5.0,1474.7,1098.06
CUST_0345,47,4,1240.2857142857142,17364.0,128.21022890395446,14,3,shoes,jeans,jacket,desktop,male,5.5,1500.0,1000.0
CUST_0346,53,10,1239.1175,9912.94,100.69677832128356,8,2,jacket,jeans,jacket,desktop,female,5.875,1386.41,1076.76
CUST_0347,51,6,1296.8822222222223,23343.88,114.84672791341643,18,3,shoes,jeans,jacket,desktop,male,4.944444444444445,1500.0,1125.84
CUST_0348,47,4,1284.9153846153847,16703.9,125.81685125712063,13,3,jacket,jeans,shoes,desktop,male,5.461538461538462,1500.0,1090.38
CUST_0349,47,13,1345.7726666666667,20186.59,116.59125012910133,15,3,jacket,shoes,jeans,desktop,male,5.933333333333334,1500.0,1095.17
CUST_0350,53,6,1240.405,17365.67,118.14274591162366,14,3,shoes,jeans,jacket,desktop,male,5.785714285714286,1437.07,1032.04
CUST_0351,48,7,1261.98125,20191.7,124.54151237639599,16,3,jeans,jacket,shoes,desktop,unknown,6.5625,1500.0,1000.0
CUST_0352,54,8,1305.569,13055.69,145.97932551106905,10,3,shoes,jacket,jeans,mobile,female,5.7,1500.0,1099.63
CUST_0353,49,10,1231.582142857143,17242.15,133.60815118953522,14,3,shoes,jacket,jeans,desktop,female,5.571428571428571,1418.87,1000.0
CUST_0354,50,7,1253.7170588235294,21313.19,132.15572290695104,17,3,shoes,jacket,jeans,desktop,female,5.411764705882353,1475.77,1000.0
CUST_0355,43,2,1303.0025,26060.05,118.62048154003375,20,3,jacket,shoes,jeans,desktop,unknown,4.95,1500.0,1078.7
CUST_0356,50,7,1294.0718181818181,14234.789999999999,136.78943715200978,11,3,jeans,jacket,shoes,mobile,male,4.2727272727272725,1500.0,1095.17
CUST_0357,48,2,1281.2768421052633,24344.260000000002,126.53991456596836,19,3,shoes,jeans,jacket,mobile,female,5.2631578947368425,1500.0,1032.04
CUST_0358,57,10,1282.8486666666665,19242.73,122.63406697899865,15,3,shoes,jacket,jeans,desktop,male,5.466666666666667,1500.0,1098.06
CUST_0359,46,7,1312.12625,20994.02,107.76083814787876,16,3,shoes,jacket,jeans,mobile,unknown,6.0625,1500.0,1090.38
CUST_0360,47,8,1304.8116666666667,15657.74,114.84157093644932,12,3,shoes,jacket,jeans,desktop,female,5.083333333333333,1485.43,1074.69
CUST_0361,45,8,1246.782,18701.73,119.3049686547643,15,3,jeans,shoes,jacket,desktop,male,6.533333333333333,1457.47,1032.04
CUST_0362,48,4,1300.2893333333334,19504.34,109.28023416014098,15,3,jeans,jacket,shoes,desktop,female,5.4,1457.47,1098.06
CUST_0363,49,6,1258.230909090909,13840.54,100.95018459166334,11,3,jeans,jacket,shoes,mobile,female,6.090909090909091,1443.08,1095.17
CUST_0364,49,7,1182.3600000000001,17735.4,135.14254194315401,15,3,jacket,shoes,jeans,mobile,female,5.6,1500.0,1000.0
CUST_0365,54,1,1248.1636363636364,27459.600000000002,122.80154716511997,22,3,jacket,jeans,shoes,desktop,female,5.5,1500.0,1062.85
CUST_0366,45,10,1251.148125,20018.37,120.32965471120019,16,3,jacket,jeans,shoes,desktop,female,6.5,1457.47,1050.94
CUST_0367,51,13,1353.5791666666667,16242.95,122.72656039551971,12,3,shoes,jacket,jeans,desktop,female,4.833333333333333,1500.0,1099.63
CUST_0368,48,2,1325.4853333333333,19882.28,110.56621531699368,15,3,jacket,jeans,shoes,desktop,male,4.733333333333333,1500.0,1078.7
CUST_0369,43,4,1267.7775,20284.44,119.04357261104022,16,3,shoes,jacket,jeans,desktop,female,5.875,1500.0,1062.85
CUST_0370,51,6,1299.0477777777778,23382.86,112.24377024796128,18,3,jeans,shoes,jacket,mobile,female,5.722222222222222,1500.0,1090.38
CUST_0371,41,8,1192.46625,9539.73,105.97814679552704,8,3,shoes,jeans,jacket,desktop,female,4.75,1304.74,1000.0
CUST_0372,53,11,1257.461111111111,22634.3,120.13405447978369,18,3,jeans,shoes,jacket,desktop,male,4.888888888888889,1449.44,1000.0
CUST_0373,51,0,1273.5541176470588,21650.42,145.22308167345605,17,3,shoes,jeans,jacket,mobile,unknown,5.352941176470588,1500.0,1074.69
CUST_0374,47,2,1245.7119047619049,26159.95,113.25589722478237,21,3,shoes,jacket,jeans,desktop,female,5.857142857142857,1485.43,1029.23
CUST_0375,43,13,1286.0558333333333,15432.67,130.8667774673808,12,3,jeans,jacket,shoes,desktop,female,6.083333333333333,1500.0,1100.78
CUST_0376,40,1,1272.3919047619047,26720.23,123.96625289243225,21,3,shoes,jacket,jeans,desktop,male,5.142857142857143,1475.77,1025.46
CUST_0377,44,8,1232.474375,19719.59,121.2819561170719,16,3,shoes,jeans,jacket,mobile,unknown,6.0,1415.54,1000.0
CUST_0378,46,21,1218.3946153846155,15839.130000000001,105.29640422915566,13,2,shoes,jacket,shoes,mobile,unknown,5.076923076923077,1446.99,1095.17
CUST_0379,52,2,1214.9261904761904,25513.45,87.41371199509776,21,3,shoes,jacket,jeans,desktop,male,7.095238095238095,1379.94,1029.23
CUST_0380,51,3,1231.6729411764704,20938.44,134.80571221969348,17,3,jacket,shoes,jeans,desktop,female,4.823529411764706,1475.77,1000.0
CUST_0381,44,3,1323.0407692307692,17199.53,122.3995974572315,13,3,shoes,jeans,jacket,desktop,male,5.615384615384615,1500.0,1175.02
CUST_0382,47,14,1292.0746666666666,19381.12,120.59333142346438,15,3,jacket,jeans,shoes,desktop,female,5.2,1500.0,1000.0
CUST_0383,56,8,1308.0116666666665,15696.14,111.27963023869468,12,3,jacket,shoes,jeans,desktop,male,4.666666666666667,1500.0,1130.07
CUST_0384,51,5,1234.9499999999998,22229.1,151.88208177631054,18,3,jeans,shoes,jacket,desktop,female,4.888888888888889,1500.0,1000.0
CUST_0385,46,9,1266.0407692307692,16458.53,136.5160070261322,13,3,jacket,jeans,shoes,mobile,female,5.769230769230769,1490.79,1000.0
CUST_0386,54,18,1205.7485714285715,16880.48,114.5704414730984,14,3,shoes,jeans,jacket,desktop,male,6.214285714285714,1446.99,1000.0
CUST_0387,50,7,1301.9446153846152,16925.28,127.25921483435457,13,3,shoes,jacket,jeans,desktop,unknown,6.230769230769231,1500.0,1000.0
CUST_0388,58,7,1225.772,12257.72,113.27917252914979,10,2,jacket,jeans,jacket,desktop,male,4.8,1418.87,1062.85
CUST_0389,53,8,1274.365,20389.84,103.99681866929073,16,3,jeans,shoes,jacket,desktop,male,5.5,1475.77,1095.17
CUST_0390,53,8,1306.1361538461538,16979.77,142.56850368264264,13,3,jeans,shoes,jacket,desktop,female,6.076923076923077,1475.77,1029.23
CUST_0391,45,20,1241.7,14900.4,118.14068616388147,12,3,jeans,shoes,jacket,desktop,male,5.75,1451.01,1076.76
CUST_0392,46,9,1258.4407142857142,17618.17,154.35649384382316,14,3,shoes,jacket,jeans,desktop,female,5.0,1490.79,1050.94
CUST_0393,44,8,1208.798125,19340.77,122.1146793370205,16,3,jeans,jacket,shoes,desktop,male,5.3125,1500.0,1025.46
CUST_0394,52,8,1209.8266666666666,7258.96,89.97182907258619,6,2,shoes,jeans,shoes,desktop,male,5.833333333333333,1326.6,1074.69
CUST_0395,49,12,1269.3913333333333,19040.87,126.83561976413563,15,3,shoes,jeans,jacket,desktop,unknown,5.6,1474.7,1000.0
CUST_0396,49,7,1281.1966666666667,26905.13,115.8374259612727,21,3,jeans,shoes,jacket,desktop,female,5.190476190476191,1500.0,1032.04
CUST_0397,54,1,1270.2894117647058,21594.92,111.40179848585187,17,3,jeans,shoes,jacket,mobile,male,5.647058823529412,1446.99,1025.46
CUST_0398,48,6,1290.1508333333334,15481.81,93.56590370218234,12,3,jacket,jeans,shoes,desktop,female,4.583333333333333,1406.33,1078.7
CUST_0399,48,8,1334.964375,21359.43,98.92868865795876,16,3,jacket,jeans,shoes,mobile,female,5.75,1500.0,1180.07
CUST_0400,44,7,1295.601111111111,11660.41,106.88136278655466,9,2,jacket,jeans,jacket,desktop,male,6.0,1500.0,1184.01
CUST_0401,37,16,686.44,686.44,0.0,1,1,t-shirt,t-shirt,t-shirt,mobile,unknown,3.0,686.44,686.44
CUST_0402,30,20,652.995,1305.99,33.77849093728136,2,2,jeans,shoes,jeans,desktop,female,6.0,676.88,629.11
CUST_0404,41,6,298.065,596.13,23.072894270117043,2,2,shirt,jeans,shirt,mobile,female,3.0,314.38,281.75
CUST_0405,35,2,517.94,517.94,0.0,1,1,shirt,shirt,shirt,mobile,male,6.0,517.94,517.94
CUST_0406,39,4,534.575,1069.15,285.8479162946619,2,2,shirt,t-shirt,shirt,mobile,unknown,2.5,736.7,332.45
CUST_0407,45,7,328.82,328.82,0.0,1,1,shoes,shoes,shoes,mobile,male,7.0,328.82,328.82
CUST_0408,33,5,297.67,595.34,1.6687720036002618,2,2,jeans,t-shirt,jeans,mobile,unknown,8.5,298.85,296.49
CUST_0409,38,5,361.41,361.41,0.0,1,1,t-shirt,t-shirt,t-shirt,desktop,male,3.0,361.41,361.41
CUST_0410,33,2,571.68,1715.04,223.69834956923572,3,2,shirt,t-shirt,shirt,mobile,female,6.333333333333333,720.04,314.38
CUST_0411,43,7,304.81,914.4300000000001,209.09418380241956,3,3,shirt,jeans,shoes,desktop,unknown,5.333333333333333,517.94,100.0
CUST_0412,38,12,425.48999999999995,2127.45,213.86536278696465,5,3,shoes,shirt,jeans,mobile,male,5.6,676.88,100.0
CUST_0413,38,7,410.5466666666666,1231.6399999999999,84.9643056426246,3,2,shirt,jeans,shirt,mobile,male,6.333333333333333,475.45,314.38
CUST_0414,37,8,386.3025,1545.21,72.99040273670687,4,2,jeans,shirt,jeans,desktop,unknown,5.5,463.11,296.49
CUST_0415,32,1,308.97,617.94,295.52820812910574,2,1,shirt,shirt,shirt,mobile,female,7.5,517.94,100.0
CUST_0416,40,11,475.855,951.71,254.76350219370124,2,2,jeans,t-shirt,jeans,mobile,male,5.5,656.0,295.71
CUST_0417,30,3,357.635,715.27,37.37059338570905,2,2,shoes,shirt,shoes,desktop,unknown,3.0,384.06,331.21
CUST_0418,40,4,418.35,836.7,450.21488758147484,2,2,shoes,shirt,shoes,mobile,male,3.5,736.7,100.0
CUST_0419,35,5,498.345,996.69,257.7757770815559,2,2,shoes,shirt,shoes,mobile,female,4.0,680.62,316.07
CUST_0420,40,4,480.17999999999995,960.3599999999999,54.263374388255606,2,2,jeans,shirt,jeans,mobile,male,5.5,518.55,441.81
CUST_0421,43,15,361.41,361.41,0.0,1,1,t-shirt,t-shirt,t-shirt,desktop,male,3.0,361.41,361.41
CUST_0422,37,8,623.675,1247.35,148.66920074447162,2,1,jeans,jeans,jeans,mobile,male,5.0,728.8,518.55
CUST_0423,37,6,614.71,1229.42,87.92165717273538,2,2,shoes,t-shirt,shoes,desktop,male,5.5,676.88,552.54
CUST_0424,36,11,348.422,1742.1100000000001,164.48533466543455,5,3,shirt,t-shirt,jeans,mobile,male,4.2,552.54,175.2
CUST_0425,45,2,362.49,1449.96,172.26222936751589,4,2,shirt,t-shirt,shirt,mobile,female,5.5,614.42,225.45
CUST_0426,37,6,236.95666666666668,710.87,118.94477472059599,3,3,shirt,jeans,shoes,desktop,male,6.666666666666667,314.38,100.0
CUST_0427,39,3,456.8333333333333,1370.5,136.90181201625248,3,2,t-shirt,shirt,t-shirt,desktop,female,6.333333333333333,552.54,300.02
CUST_0428,39,10,410.02,820.04,438.4344886069069,2,2,t-shirt,shoes,t-shirt,desktop,male,6.0,720.04,100.0
CUST_0429,37,15,587.33,587.33,0.0,1,1,t-shirt,t-shirt,t-shirt,desktop,male,5.0,587.33,587.33
CUST_0430,36,4,458.165,916.33,53.47848586113859,2,2,t-shirt,shirt,t-shirt,mobile,male,5.0,495.98,420.35
CUST_0431,38,14,357.21,714.42,363.74987037798377,2,2,shirt,shoes,shirt,desktop,unknown,5.0,614.42,100.0
CUST_0432,43,13,511.985,1023.97,106.55392085700089,2,2,t-shirt,shirt,t-shirt,desktop,male,6.5,587.33,436.64
CUST_0433,37,1,414.02,1242.06,173.55239439431537,3,1,shirt,shirt,shirt,mobile,male,4.333333333333333,614.42,313.26
CUST_0434,35,1,325.455,1301.82,181.34236285729452,4,4,t-shirt,shirt,jeans,desktop,male,6.25,543.99,100.0
CUST_0435,38,4,629.11,629.11,0.0,1,1,jeans,jeans,jeans,mobile,female,5.0,629.11,629.11
CUST_0436,30,8,400.088,2000.44,107.6989148970406,5,2,t-shirt,shoes,t-shirt,mobile,male,5.0,552.54,298.85
CUST_0437,39,3,537.8533333333334,1613.56,277.4737871103022,3,2,jeans,shirt,jeans,desktop,female,7.333333333333333,736.7,220.86
CUST_0438,41,2,313.82,627.64,0.7919595949289364,2,1,shirt,shirt,shirt,mobile,female,6.0,314.38,313.26
CUST_0439,33,8,580.3050000000001,2321.2200000000003,180.2384221894248,4,3,jeans,t-shirt,shoes,mobile,male,3.0,720.04,316.07
CUST_0440,34,6,100.0,100.0,0.0,1,1,shoes,shoes,shoes,mobile,male,6.0,100.0,100.0
CUST_0441,38,6,720.04,720.04,0.0,1,1,t-shirt,t-shirt,t-shirt,mobile,male,4.0,720.04,720.04
CUST_0442,42,2,599.28,1198.56,115.03213116342748,2,1,shirt,shirt,shirt,mobile,male,5.5,680.62,517.94
CUST_0443,40,10,418.35,836.7,450.21488758147484,2,1,shirt,shirt,shirt,desktop,unknown,5.0,736.7,100.0
CUST_0444,34,14,656.0,656.0,0.0,1,1,jeans,jeans,jeans,desktop,male,4.0,656.0,656.0
CUST_0447,31,10,546.38,1092.76,57.912045379178245,2,2,t-shirt,shoes,t-shirt,desktop,male,7.0,587.33,505.43
CUST_0448,34,4,389.49,1947.45,278.1929715143788,5,3,t-shirt,shirt,shoes,mobile,male,6.4,720.04,100.0
CUST_0450,36,10,519.3,1038.6,222.85177315875234,2,2,jeans,shoes,jeans,desktop,male,6.5,676.88,361.72
CUST_0451,40,19,100.0,100.0,0.0,1,1,shoes,shoes,shoes,mobile,male,4.0,100.0,100.0
CUST_0452,39,10,426.81,426.81,0.0,1,1,t-shirt,t-shirt,t-shirt,mobile,male,6.0,426.81,426.81
CUST_0453,35,12,736.7,736.7,0.0,1,1,shirt,shirt,shirt,mobile,male,5.0,736.7,736.7
CUST_0454,34,1,535.24,1070.48,24.465894629054482,2,2,shirt,t-shirt,shirt,desktop,male,6.5,552.54,517.94
CUST_0455,44,14,348.34999999999997,1045.05,296.680396892009,3,2,shoes,jeans,shoes,desktop,male,4.666666666666667,676.88,100.0
CUST_0457,34,5,607.91,1823.73,158.314888434411,3,2,t-shirt,shoes,t-shirt,mobile,male,4.333333333333333,720.04,426.81
CUST_0458,40,5,216.225,432.45,164.36697128681297,2,2,shoes,t-shirt,shoes,mobile,male,4.0,332.45,100.0
CUST_0459,40,19,340.275,680.55,61.92134082850598,2,2,jeans,shoes,jeans,desktop,male,6.5,384.06,296.49
CUST_0460,38,16,304.94,304.94,0.0,1,1,shoes,shoes,shoes,mobile,male,9.0,304.94,304.94
CUST_0461,34,0,587.33,587.33,0.0,1,1,t-shirt,t-shirt,t-shirt,desktop,male,6.0,587.33,587.33
CUST_0462,32,4,440.71999999999997,2203.6,127.54995335161827,5,2,shirt,shoes,shirt,mobile,male,3.4,614.42,314.38
CUST_0463,43,4,383.68333333333334,1151.05,215.49328744379332,3,2,jeans,shirt,jeans,mobile,unknown,5.0,629.11,225.45
CUST_0464,42,6,473.5566666666667,1420.67,258.0786237434889,3,2,shirt,jeans,shirt,mobile,male,4.0,736.7,220.86
CUST_0465,39,7,543.7725,2175.09,190.98677604745308,4,2,shirt,t-shirt,shirt,mobile,male,5.0,720.04,314.38
CUST_0466,37,6,495.98,495.98,0.0,1,1,t-shirt,t-shirt,t-shirt,desktop,female,8.0,495.98,495.98
CUST_0467,37,8,342.738,1713.69,169.60466508914192,5,3,shoes,t-shirt,shirt,mobile,unknown,5.8,513.92,100.0
CUST_0468,40,6,366.18,1098.54,131.70583016708107,3,3,shirt,t-shirt,jeans,mobile,unknown,6.0,517.94,281.75
CUST_0469,32,0,252.63333333333335,757.9000000000001,136.11154408547915,3,3,shirt,jeans,t-shirt,mobile,male,5.333333333333333,361.41,100.0
CUST_0470,36,6,389.95500000000004,779.9100000000001,132.17947060720132,2,2,jeans,shirt,jeans,mobile,male,7.0,483.42,296.49
CUST_0471,33,20,545.504,2727.52,175.91785705265963,5,2,t-shirt,jeans,t-shirt,mobile,male,4.4,720.04,268.17
CUST_0472,34,5,720.04,720.04,0.0,1,1,t-shirt,t-shirt,t-shirt,mobile,male,10.0,720.04,720.04
CUST_0473,35,2,462.89,925.78,60.16064494335143,2,2,shoes,shirt,shoes,mobile,female,6.0,505.43,420.35
CUST_0475,31,22,298.85,298.85,0.0,1,1,t-shirt,t-shirt,t-shirt,mobile,male,6.0,298.85,298.85
CUST_0476,37,7,547.2766666666666,1641.83,65.56181536026384,3,2,shirt,t-shirt,shirt,desktop,male,4.333333333333333,614.42,483.42
CUST_0477,40,9,394.49666666666667,2366.98,114.30778882765019,6,2,t-shirt,shirt,t-shirt,mobile,male,6.833333333333333,552.54,278.37
CUST_0478,37,6,253.825,507.65,111.1925413415846,2,2,jeans,t-shirt,jeans,mobile,male,5.5,332.45,175.2
CUST_0479,36,11,541.9333333333333,1625.8,197.29167248856032,3,3,jeans,shirt,shoes,mobile,male,5.666666666666667,680.62,316.07
CUST_0480,39,15,680.62,680.62,0.0,1,1,shirt,shirt,shirt,mobile,male,5.0,680.62,680.62
CUST_0481,33,1,586.97,1173.94,97.62316221061471,2,2,shirt,jeans,shirt,mobile,female,6.5,656.0,517.94
CUST_0483,36,6,391.18333333333334,1173.55,139.8497394825365,3,2,shoes,t-shirt,shoes,mobile,male,6.0,552.54,304.94
CUST_0484,37,2,494.34333333333325,1483.0299999999997,157.458945866322,3,3,shoes,shirt,t-shirt,mobile,male,4.666666666666667,614.42,316.07
CUST_0486,39,1,477.125,954.25,355.9221983102487,2,2,jeans,shirt,jeans,desktop,female,4.5,728.8,225.45
CUST_0487,34,13,587.33,587.33,0.0,1,1,t-shirt,t-shirt,t-shirt,mobile,male,7.0,587.33,587.33
CUST_0488,38,16,474.395,948.79,291.64619190039156,2,2,jeans,shirt,jeans,desktop,male,8.0,680.62,268.17
CUST_0489,41,5,301.4633333333333,904.39,175.4123263437702,3,2,shoes,jeans,shoes,desktop,male,4.666666666666667,420.33,100.0
CUST_0490,36,6,198.03,396.06,32.286495628977775,2,1,jeans,jeans,jeans,desktop,male,6.5,220.86,175.2
CUST_0492,45,14,449.2366666666667,1347.71,235.0008175163085,3,2,t-shirt,shoes,t-shirt,desktop,female,6.0,720.04,298.85
CUST_0493,37,12,291.275,582.55,32.67540435863033,2,2,shirt,jeans,shirt,mobile,male,8.0,314.38,268.17
CUST_0494,32,5,300.71500000000003,601.4300000000001,5.975052301026339,2,2,shoes,jeans,shoes,desktop,unknown,7.5,304.94,296.49
CUST_0495,33,5,378.27500000000003,1513.1000000000001,207.81286140820708,4,3,t-shirt,jeans,shoes,mobile,male,6.5,686.44,231.32
CUST_0496,39,1,427.43666666666667,1282.31,159.580922836451,3,2,t-shirt,jeans,t-shirt,desktop,male,5.333333333333333,587.33,268.17
CUST_0498,36,19,482.485,1929.94,156.57240167624266,4,4,shirt,t-shirt,shoes,mobile,male,4.5,686.44,304.94
CUST_0500,44,3,477.865,955.73,50.989469991361936,2,1,shirt,shirt,shirt,desktop,male,7.5,513.92,441.81
CUST_0501,38,6,426.81,426.81,0.0,1,1,t-shirt,t-shirt,t-shirt,mobile,male,5.0,426.81,426.81
CUST_0502,30,7,583.5,583.5,0.0,1,1,shirt,shirt,shirt,mobile,male,5.0,583.5,583.5
CUST_0503,42,2,335.59000000000003,671.1800000000001,226.82571326902075,2,2,t-shirt,jeans,t-shirt,desktop,male,5.0,495.98,175.2
CUST_0504,33,5,520.03,1040.06,192.2906180758697,2,2,jeans,shoes,jeans,mobile,male,2.5,656.0,384.06
CUST_0505,45,7,441.81,441.81,0.0,1,1,shirt,shirt,shirt,mobile,male,7.0,441.81,441.81
CUST_0506,40,6,175.2,175.2,0.0,1,1,jeans,jeans,jeans,mobile,male,5.0,175.2,175.2
CUST_0507,32,7,458.63,917.26,23.78707211911545,2,2,jeans,shirt,jeans,desktop,male,5.0,475.45,441.81
CUST_0508,36,9,421.6566666666667,1264.97,203.13689727209416,3,3,shirt,jeans,t-shirt,mobile,male,5.666666666666667,656.0,295.71
CUST_0509,39,10,263.14,1052.56,214.74156064131287,4,2,t-shirt,shoes,t-shirt,desktop,female,6.25,552.54,100.0
CUST_0510,35,4,522.5966666666667,4703.37,144.34743191342196,9,4,t-shirt,shirt,jeans,desktop,unknown,5.0,720.04,316.07
CUST_0511,35,10,636.885,1273.77,70.0813530833987,2,1,t-shirt,t-shirt,t-shirt,desktop,male,4.0,686.44,587.33
CUST_0512,39,5,499.1966666666667,1497.5900000000001,209.51157350689084,3,3,jeans,t-shirt,shoes,desktop,male,4.666666666666667,676.88,268.17
CUST_0513,45,3,649.82,1949.46,86.96692014783552,3,2,t-shirt,shoes,t-shirt,mobile,female,6.666666666666667,720.04,552.54
CUST_0514,41,20,426.06999999999994,852.1399999999999,130.78647024826384,2,1,jeans,jeans,jeans,desktop,male,4.0,518.55,333.59
CUST_0515,34,9,604.9266666666666,1814.78,86.65090959322552,3,2,shirt,t-shirt,shirt,desktop,male,5.0,686.44,513.92
CUST_0517,32,3,552.54,552.54,0.0,1,1,t-shirt,t-shirt,t-shirt,desktop,unknown,2.0,552.54,552.54
CUST_0518,35,3,720.04,720.04,0.0,1,1,t-shirt,t-shirt,t-shirt,mobile,male,3.0,720.04,720.04
CUST_0519,37,0,386.4575,1545.83,76.07222286529208,4,3,shirt,jeans,shoes,mobile,female,7.5,465.99,314.38
CUST_0520,33,6,633.975,1267.95,65.96599161689299,2,2,shirt,t-shirt,shirt,mobile,male,7.5,680.62,587.33
CUST_0521,43,1,451.48,1354.44,180.51356846508796,3,3,jeans,shirt,shoes,mobile,male,6.0,656.0,314.38
CUST_0522,33,3,100.0,100.0,0.0,1,1,shoes,shoes,shoes,mobile,male,7.0,100.0,100.0
CUST_0523,34,12,225.45,225.45,0.0,1,1,shirt,shirt,shirt,mobile,male,4.0,225.45,225.45
CUST_0524,40,6,586.8366666666667,1760.51,141.65185573557915,3,2,jeans,shirt,jeans,mobile,male,5.0,680.62,423.89
CUST_0525,36,6,397.28,397.28,0.0,1,1,t-shirt,t-shirt,t-shirt,mobile,unknown,4.0,397.28,397.28
CUST_0526,34,4,419.0166666666667,1257.0500000000002,318.3520941243097,3,2,shirt,shoes,shirt,mobile,male,8.0,736.7,100.0
CUST_0527,36,6,399.49666666666667,1198.49,111.52911563055335,3,3,shirt,jeans,shoes,mobile,male,4.333333333333333,517.94,296.49
CUST_0528,38,3,456.635,913.27,223.14168693903875,2,2,shirt,t-shirt,shirt,desktop,male,3.0,614.42,298.85
CUST_0529,33,10,508.7625,2035.05,145.9305203113226,4,3,jeans,shirt,shoes,mobile,male,5.5,629.11,316.07
CUST_0530,31,4,488.3,1464.9,220.22813875615438,3,3,t-shirt,jeans,shirt,mobile,male,8.333333333333334,720.04,281.75
CUST_0532,30,6,359.264,1796.32,171.63597125894094,5,3,shoes,jeans,t-shirt,mobile,male,5.6,552.54,100.0
CUST_0533,31,5,460.05,460.05,0.0,1,1,t-shirt,t-shirt,t-shirt,mobile,male,8.0,460.05,460.05
CUST_0534,37,0,680.62,680.62,0.0,1,1,shirt,shirt,shirt,mobile,male,6.0,680.62,680.62
CUST_0535,37,9,504.566,2522.83,128.2750230169537,5,3,jeans,t-shirt,shirt,mobile,male,3.6,629.11,296.49
CUST_0536,39,12,296.49,296.49,0.0,1,1,jeans,jeans,jeans,mobile,male,3.0,296.49,296.49
CUST_0537,42,10,403.4666666666667,1210.4,269.3993721843712,3,3,shirt,t-shirt,shoes,mobile,female,6.0,614.42,100.0
CUST_0538,39,17,313.26,313.26,0.0,1,1,shirt,shirt,shirt,desktop,male,1.0,313.26,313.26
CUST_0539,41,5,481.615,1926.46,148.53737588005697,4,3,jeans,shirt,t-shirt,desktop,male,5.25,656.0,296.49
CUST_0540,37,9,320.2733333333333,960.8199999999999,101.5802452907716,3,2,jeans,shoes,jeans,mobile,female,4.666666666666667,423.89,220.86
CUST_0541,33,5,298.85,298.85,0.0,1,1,t-shirt,t-shirt,t-shirt,desktop,male,13.0,298.85,298.85
CUST_0542,37,0,423.28999999999996,1269.87,165.56011868804634,3,2,shirt,shoes,shirt,mobile,male,5.333333333333333,614.42,324.24
CUST_0544,36,5,575.51,1726.53,58.00917255055448,3,2,shirt,jeans,shirt,mobile,male,7.0,629.11,513.92
CUST_0545,34,8,614.42,614.42,0.0,1,1,shirt,shirt,shirt,mobile,male,5.0,614.42,614.42
CUST_0546,36,10,364.555,729.11,374.13726899361416,2,2,jeans,shoes,jeans,mobile,male,8.0,629.11,100.0
CUST_0547,37,3,281.75,281.75,0.0,1,1,jeans,jeans,jeans,mobile,male,4.0,281.75,281.75
CUST_0548,38,6,449.1233333333333,1347.37,133.1777550243783,3,1,t-shirt,t-shirt,t-shirt,mobile,male,4.333333333333333,552.54,298.85
CUST_0550,38,3,381.886,1909.43,223.0817941473486,5,3,shirt,jeans,shoes,mobile,male,6.2,680.62,100.0
CUST_0551,34,5,290.925,1163.7,187.4976974969737,4,3,t-shirt,shoes,jeans,mobile,male,4.0,543.99,100.0
CUST_0552,41,6,572.1933333333333,1716.58,100.05823371084125,3,2,shirt,t-shirt,shirt,desktop,male,5.666666666666667,680.62,483.42
CUST_0553,43,3,656.0,656.0,0.0,1,1,jeans,jeans,jeans,desktop,female,6.0,656.0,656.0
CUST_0554,41,7,410.02,820.04,438.4344886069069,2,2,t-shirt,shoes,t-shirt,desktop,male,4.0,720.04,100.0
CUST_0555,33,6,385.5166666666667,1156.5500000000002,100.69642611996382,3,2,t-shirt,jeans,t-shirt,mobile,male,4.666666666666667,495.98,298.85
CUST_0556,36,12,433.6233333333334,2601.7400000000002,115.37205617768399,6,3,shirt,t-shirt,jeans,mobile,male,3.8333333333333335,587.33,314.38
CUST_0557,39,4,432.06,1296.18,164.89567883968337,3,2,shoes,jeans,shoes,mobile,male,5.0,615.63,296.49
CUST_0558,36,5,465.1366666666667,2790.82,230.2963927348118,6,4,shirt,shoes,jeans,mobile,male,5.166666666666667,736.7,100.0
CUST_0559,36,9,430.82000000000005,861.6400000000001,361.50127081381055,2,2,jeans,t-shirt,jeans,desktop,male,8.5,686.44,175.2
CUST_0560,32,6,359.73,1438.92,73.73862262523397,4,2,shirt,t-shirt,shirt,desktop,male,6.25,463.11,300.02
CUST_0561,32,2,321.995,643.99,313.9483397790152,2,2,shoes,t-shirt,shoes,desktop,male,3.5,543.99,100.0
CUST_0562,36,8,686.44,686.44,0.0,1,1,t-shirt,t-shirt,t-shirt,mobile,male,7.0,686.44,686.44
CUST_0563,36,18,298.85,298.85,0.0,1,1,t-shirt,t-shirt,t-shirt,desktop,male,3.0,298.85,298.85
CUST_0564,43,22,316.07,316.07,0.0,1,1,shoes,shoes,shoes,desktop,male,4.0,316.07,316.07
CUST_0565,39,10,720.04,720.04,0.0,1,1,t-shirt,t-shirt,t-shirt,desktop,male,5.0,720.04,720.04
CUST_0566,39,8,580.9425,2323.77,78.97169635382035,4,3,shirt,shoes,jeans,desktop,male,4.5,676.88,513.92
CUST_0567,40,4,482.60600000000005,2413.03,207.63559504574354,5,3,jeans,t-shirt,shoes,desktop,male,3.2,676.88,220.86
CUST_0568,33,3,280.262,1401.31,121.07316081609498,5,2,shoes,jeans,shoes,mobile,male,6.0,420.33,100.0
CUST_0569,36,6,513.1859999999999,2565.93,140.61126334685997,5,2,t-shirt,shirt,t-shirt,mobile,male,5.8,686.44,332.45
CUST_0570,38,2,680.62,680.62,0.0,1,1,shirt,shirt,shirt,mobile,male,2.0,680.62,680.62
CUST_0571,41,6,413.84749999999997,1655.3899999999999,83.25514333461129,4,3,jeans,shirt,shoes,desktop,female,4.0,517.94,333.59
CUST_0572,36,12,365.34399999999994,1826.7199999999998,191.00491938691002,5,4,shirt,shoes,t-shirt,desktop,male,5.0,583.5,100.0
CUST_0573,40,16,313.26,313.26,0.0,1,1,shirt,shirt,shirt,mobile,male,3.0,313.26,313.26
CUST_0574,39,6,326.27,652.54,319.9941027581602,2,2,shoes,t-shirt,shoes,desktop,unknown,4.5,552.54,100.0
CUST_0575,38,3,471.9200000000001,2359.6000000000004,153.91278098325688,5,2,t-shirt,jeans,t-shirt,mobile,male,5.8,686.44,298.85
CUST_0577,37,0,441.68666666666667,1325.06,212.01992956638142,3,3,t-shirt,shoes,shirt,mobile,male,6.666666666666667,686.44,314.38
CUST_0578,33,11,420.35,420.35,0.0,1,1,shirt,shirt,shirt,mobile,male,5.0,420.35,420.35
CUST_0579,33,10,736.7,736.7,0.0,1,1,shirt,shirt,shirt,mobile,male,4.0,736.7,736.7
CUST_0580,37,1,676.88,676.88,0.0,1,1,shoes,shoes,shoes,mobile,male,9.0,676.88,676.88
CUST_0581,41,8,543.99,543.99,0.0,1,1,t-shirt,t-shirt,t-shirt,mobile,male,7.0,543.99,543.99
CUST_0582,45,12,625.3733333333333,1876.1200000000001,129.38772790853594,3,2,shirt,jeans,shirt,mobile,male,6.333333333333333,736.7,483.42
CUST_0583,37,6,654.865,1309.73,36.42307029891906,2,2,shirt,jeans,shirt,mobile,unknown,5.0,680.62,629.11
CUST_0584,39,2,415.8866666666666,1247.6599999999999,279.09526694899955,3,2,jeans,shoes,jeans,mobile,male,4.333333333333333,629.11,100.0
CUST_0585,38,13,430.26666666666665,1290.8,297.39879578326025,3,2,shoes,shirt,shoes,desktop,unknown,5.666666666666667,676.88,100.0
CUST_0586,31,12,428.59999999999997,1285.8,173.69526792633124,3,3,jeans,t-shirt,shoes,mobile,unknown,3.3333333333333335,629.11,324.24
CUST_0587,35,9,614.42,614.42,0.0,1,1,shirt,shirt,shirt,mobile,unknown,6.0,614.42,614.42
CUST_0588,31,8,583.48,1166.96,43.755767619823594,2,2,shirt,t-shirt,shirt,mobile,female,3.5,614.42,552.54
CUST_0589,34,5,471.174,2355.87,133.0530376579205,5,3,jeans,t-shirt,shirt,mobile,male,4.6,686.44,333.59
CUST_0590,34,6,384.06,384.06,0.0,1,1,shoes,shoes,shoes,mobile,unknown,11.0,384.06,384.06
CUST_0591,41,15,100.0,100.0,0.0,1,1,shoes,shoes,shoes,mobile,male,6.0,100.0,100.0
CUST_0592,32,8,375.71000000000004,1502.8400000000001,142.3827833693386,4,3,shoes,t-shirt,jeans,desktop,male,5.5,587.33,281.75
CUST_0593,43,2,413.62999999999994,1240.8899999999999,186.88861709585208,3,3,jeans,shoes,t-shirt,mobile,female,8.666666666666666,629.11,295.71
CUST_0594,41,5,497.34,994.68,78.06458864299483,2,2,t-shirt,shoes,t-shirt,desktop,male,7.0,552.54,442.14
CUST_0595,38,6,464.78999999999996,1859.1599999999999,191.1882114566691,4,4,jeans,shirt,t-shirt,desktop,male,6.25,736.7,328.82
CUST_0596,38,7,420.9066666666667,1262.72,181.0889484019755,3,2,jeans,t-shirt,jeans,mobile,male,5.0,629.11,300.02
CUST_0597,42,4,373.73,2242.38,218.17490414802523,6,4,shirt,shoes,jeans,mobile,male,6.333333333333333,676.88,100.0
CUST_0598,41,10,443.57,1330.71,152.43250440768855,3,2,jeans,t-shirt,jeans,mobile,male,6.0,543.99,268.17
CUST_0599,39,5,451.0,902.0,94.66745586525501,2,2,shirt,shoes,shirt,mobile,male,2.5,517.94,384.06
CUST_0600,37,8,312.668,1563.34,177.19907496936884,5,3,shirt,shoes,t-shirt,mobile,male,4.6,583.5,100.0
CUST_0601,37,14,409.345,818.69,135.88471014061884,2,2,shirt,shoes,shirt,mobile,male,6.5,505.43,313.26
CUST_0602,36,4,463.11,463.11,0.0,1,1,shirt,shirt,shirt,desktop,male,7.0,463.11,463.11
CUST_0603,40,9,426.82,1280.46,162.46736564615063,3,3,shirt,jeans,t-shirt,mobile,male,4.0,614.42,332.45
CUST_0604,41,2,448.4866666666667,1345.46,142.88732285732465,3,2,shirt,t-shirt,shirt,mobile,male,5.666666666666667,583.5,298.85
CUST_0605,38,2,517.94,517.94,0.0,1,1,shirt,shirt,shirt,mobile,female,6.0,517.94,517.94
CUST_0606,42,3,495.98,495.98,0.0,1,1,t-shirt,t-shirt,t-shirt,mobile,male,3.0,495.98,495.98
CUST_0608,44,10,465.3566666666666,1396.07,259.9194229628354,3,3,t-shirt,shoes,jeans,mobile,male,6.0,676.88,175.2
CUST_0609,40,5,548.63,2194.52,171.0900302959429,4,3,t-shirt,shoes,shirt,mobile,male,4.5,720.04,316.07
CUST_0610,43,10,314.38,314.38,0.0,1,1,shirt,shirt,shirt,desktop,unknown,8.0,314.38,314.38
CUST_0611,41,5,508.265,1016.53,299.4950771715622,2,2,t-shirt,jeans,t-shirt,desktop,male,3.5,720.04,296.49
CUST_0612,37,12,336.71,1010.1299999999999,259.6492520690171,3,3,shirt,shoes,t-shirt,mobile,male,6.0,614.42,100.0
CUST_0613,31,7,462.2633333333333,1386.79,160.36713420565118,3,3,jeans,t-shirt,shoes,mobile,male,6.333333333333333,615.63,295.71
CUST_0614,40,15,371.44,742.88,78.30500494859828,2,2,shoes,t-shirt,shoes,mobile,unknown,5.5,426.81,316.07
CUST_0615,37,10,388.44,776.88,407.91575993089555,2,1,shoes,shoes,shoes,mobile,male,9.0,676.88,100.0
CUST_0616,41,7,556.7566666666667,1670.27,106.17702874602082,3,3,shirt,jeans,shoes,mobile,unknown,4.666666666666667,676.88,475.45
CUST_0617,37,10,505.43,505.43,0.0,1,1,shoes,shoes,shoes,mobile,female,5.0,505.43,505.43
CUST_0618,33,6,439.67500000000007,879.3500000000001,110.68342445913032,2,2,shirt,t-shirt,shirt,desktop,male,4.0,517.94,361.41
CUST_0620,38,8,361.72,361.72,0.0,1,1,jeans,jeans,jeans,mobile,female,5.0,361.72,361.72
CUST_0621,44,3,361.72,361.72,0.0,1,1,jeans,jeans,jeans,mobile,male,9.0,361.72,361.72
CUST_0622,36,19,281.94,563.88,19.473720753877494,2,2,jeans,t-shirt,jeans,mobile,male,3.5,295.71,268.17
CUST_0623,42,1,421.6466666666667,1264.94,100.61139564350219,3,1,shirt,shirt,shirt,mobile,male,6.0,513.92,314.38
CUST_0624,40,7,391.9466666666667,1175.8400000000001,113.83932375648294,3,3,jeans,shirt,t-shirt,mobile,male,6.333333333333333,517.94,296.49
CUST_0625,38,7,468.865,937.73,355.21509152906214,2,1,t-shirt,t-shirt,t-shirt,desktop,female,6.5,720.04,217.69
CUST_0626,31,1,300.31,600.62,45.452823894671255,2,2,jeans,t-shirt,jeans,mobile,male,5.0,332.45,268.17
CUST_0627,44,1,465.7075,1862.83,107.62407796740155,4,3,shirt,jeans,t-shirt,mobile,male,5.0,614.42,361.41
CUST_0628,35,4,427.3633333333334,1282.0900000000001,138.30201890548574,3,3,jeans,t-shirt,shirt,mobile,male,7.666666666666667,517.94,268.17
CUST_0629,37,8,314.38,314.38,0.0,1,1,shirt,shirt,shirt,mobile,unknown,3.0,314.38,314.38
CUST_0630,39,6,435.47,1741.88,146.91541171708297,4,3,shirt,t-shirt,jeans,desktop,female,4.25,543.99,220.86
CUST_0631,37,3,332.45,332.45,0.0,1,1,t-shirt,t-shirt,t-shirt,mobile,male,3.0,332.45,332.45
CUST_0632,33,15,482.6775,1930.71,206.174275533265,4,2,t-shirt,shoes,t-shirt,mobile,unknown,5.75,720.04,231.32
CUST_0634,35,13,422.57000000000005,845.1400000000001,86.05489527040285,2,2,shirt,jeans,shirt,desktop,male,4.5,483.42,361.72
CUST_0635,35,6,365.08666666666664,1095.26,166.10178124672032,3,2,shirt,jeans,shirt,mobile,male,7.0,483.42,175.2
CUST_0637,44,8,414.78000000000003,1244.3400000000001,241.2708368203667,3,2,t-shirt,shirt,t-shirt,desktop,male,5.333333333333333,686.44,225.45
CUST_0639,35,13,238.0666666666667,714.2,122.22694397444998,3,3,t-shirt,shoes,jeans,desktop,male,6.666666666666667,332.45,100.0
CUST_0640,40,14,100.0,100.0,0.0,1,1,shoes,shoes,shoes,mobile,female,6.0,100.0,100.0
CUST_0641,64,6,2158.7994117647063,36699.590000000004,352.8079061166039,17,4,blouse,suit,shoes,desktop,male,5.647058823529412,2713.88,1500.0
CUST_0642,61,0,2200.038823529412,37400.66,278.46835865772846,17,4,slacks,suit,shoes,desktop,male,5.470588235294118,2754.94,1669.23
CUST_0643,66,6,2344.955,23449.55,383.989535223437,10,4,shoes,slacks,blouse,desktop,male,5.9,2916.36,1838.34
CUST_0644,62,9,1985.7391666666665,23828.87,407.7393593608173,12,4,slacks,blouse,shoes,desktop,female,5.333333333333333,3000.0,1500.0
CUST_0645,64,17,2364.27,23642.7,275.43463604516654,10,4,suit,blouse,shoes,desktop,female,5.5,2754.94,1765.21
CUST_0646,66,11,1991.1866666666667,23894.24,362.5604595432911,12,4,shoes,slacks,suit,desktop,male,5.25,2744.06,1500.0
CUST_0647,60,3,2540.57,12702.85,310.00244184522154,5,4,slacks,suit,shoes,desktop,unknown,5.6,3000.0,2211.4
CUST_0648,69,10,2064.159,41283.18,372.00186412804015,20,4,slacks,blouse,suit,desktop,male,4.9,2881.61,1510.41
CUST_0649,64,9,2235.8858333333333,26830.63,372.94271340389616,12,4,blouse,suit,shoes,desktop,female,6.416666666666667,2744.06,1701.44
CUST_0650,63,6,2287.46,29736.98,387.3231591320097,13,4,shoes,blouse,suit,desktop,unknown,5.3076923076923075,2870.68,1500.0
CUST_0651,69,3,2049.568333333333,24594.82,312.53843140654016,12,4,blouse,shoes,slacks,desktop,female,5.583333333333333,2565.69,1500.0
CUST_0652,59,6,2162.398181818182,23786.38,336.6187862499115,11,4,shoes,suit,slacks,desktop,male,6.7272727272727275,2670.57,1500.0
CUST_0653,68,5,2228.7157142857145,31202.02,319.7235530101757,14,4,blouse,shoes,slacks,desktop,male,5.071428571428571,2736.77,1701.44
CUST_0654,63,12,2175.67,19581.03,341.9349069267424,9,4,slacks,suit,blouse,desktop,female,6.333333333333333,2665.14,1746.25
CUST_0655,62,11,2184.4714285714285,30582.6,299.4972495534973,14,4,slacks,blouse,shoes,desktop,male,4.642857142857143,2639.64,1500.0
CUST_0656,60,11,2006.13375,16049.07,339.4728083761433,8,4,slacks,shoes,suit,desktop,male,5.75,2398.01,1500.0
CUST_0657,71,12,2155.1981818181816,23707.18,306.02638130782714,11,4,blouse,slacks,shoes,desktop,male,6.818181818181818,2713.88,1500.0
CUST_0658,62,4,2052.6807692307693,26684.85,447.3024364912689,13,4,slacks,suit,shoes,desktop,female,5.384615384615385,2916.36,1500.0
CUST_0659,64,6,2069.5214285714287,28973.3,287.4695319737151,14,4,blouse,suit,shoes,desktop,female,5.5,2450.27,1500.0
CUST_0660,66,5,2190.2381818181816,24092.62,368.91251618285287,11,4,suit,shoes,blouse,desktop,male,5.363636363636363,2754.94,1500.0
CUST_0661,63,4,2181.1142857142854,15267.8,329.8025131730171,7,3,shoes,suit,blouse,desktop,female,5.428571428571429,2611.01,1616.55
CUST_0662,59,5,1998.78,23985.36,385.5102139196361,12,3,blouse,shoes,suit,desktop,male,5.333333333333333,2571.97,1500.0
CUST_0663,66,6,2148.958125,34383.33,344.15913741986185,16,4,slacks,blouse,suit,desktop,female,5.0625,2687.03,1590.24
CUST_0664,70,11,2367.55,21307.95,366.5183126734597,9,3,suit,slacks,shoes,desktop,male,5.444444444444445,2881.61,1764.72
CUST_0665,65,3,2250.268,22502.68,326.0657816998826,10,4,suit,blouse,shoes,desktop,female,5.4,2849.44,1838.76
CUST_0666,70,16,2176.807142857143,30475.3,377.6302528915037,14,4,slacks,shoes,suit,desktop,female,5.857142857142857,2736.77,1500.0
CUST_0667,67,5,2318.6,18548.8,320.9291763435841,8,3,blouse,suit,shoes,desktop,female,6.25,2870.68,1906.75
CUST_0668,68,7,2226.609230769231,28945.920000000002,396.8238029961899,13,4,shoes,slacks,blouse,desktop,male,5.3076923076923075,3000.0,1500.0
CUST_0669,70,13,2183.2185714285715,30565.06,386.9782577644611,14,4,slacks,blouse,shoes,desktop,male,5.214285714285714,2754.94,1510.41
CUST_0670,58,7,2268.7795238095237,47644.369999999995,343.48567662242027,21,4,slacks,blouse,suit,desktop,unknown,5.9523809523809526,2916.36,1746.25
CUST_0671,59,6,2229.2090909090907,24521.3,365.4631385640568,11,3,slacks,shoes,suit,desktop,male,4.0,3000.0,1795.0
CUST_0672,65,5,2019.6905263157892,38374.119999999995,329.3320102111357,19,4,shoes,slacks,blouse,desktop,female,5.631578947368421,2599.69,1500.0
CUST_0673,63,4,2123.406315789474,40344.72,376.93998856597443,19,4,suit,shoes,blouse,desktop,female,5.631578947368421,2849.44,1500.0
CUST_0674,60,7,2449.6,14697.6,548.6823931201,6,2,shoes,slacks,shoes,desktop,female,6.5,3000.0,1500.0
CUST_0675,67,10,2095.994210526316,39823.89,249.61699660158897,19,4,blouse,slacks,suit,desktop,female,6.2631578947368425,2450.27,1627.73
CUST_0676,68,14,2184.382,21843.82,244.0850314405481,10,4,suit,shoes,slacks,desktop,female,5.1,2664.28,1838.76
CUST_0677,69,10,2283.3907142857142,31967.47,343.177151414975,14,4,slacks,suit,shoes,desktop,male,6.142857142857143,2670.57,1627.73
CUST_0678,66,6,2279.24375,18233.95,362.18157162780346,8,2,suit,slacks,suit,desktop,female,5.0,2699.73,1500.0
CUST_0679,63,6,2276.7761538461536,29598.09,338.74968453954466,13,4,slacks,suit,shoes,desktop,male,5.615384615384615,2713.88,1669.23
CUST_0680,65,8,2269.391,22693.91,371.42164549650755,10,3,blouse,shoes,suit,desktop,female,5.9,2870.68,1772.09
CUST_0681,59,13,2257.712,33865.68,296.0469185112388,15,4,suit,shoes,blouse,desktop,female,5.066666666666666,2736.77,1764.72
CUST_0682,67,9,1994.3833333333334,17949.45,289.07869123302737,9,4,blouse,suit,shoes,desktop,female,6.666666666666667,2571.97,1500.0
CUST_0683,55,13,2359.5,25954.5,373.9113213316763,11,4,slacks,suit,blouse,desktop,female,4.545454545454546,2916.36,1838.34
CUST_0684,63,5,2141.098125,34257.57,286.3333005250757,16,4,slacks,blouse,suit,desktop,male,6.75,2713.88,1627.73
CUST_0685,68,3,2156.318888888889,38813.74,306.0942676191129,18,4,slacks,blouse,suit,desktop,female,5.722222222222222,2736.77,1590.24
CUST_0686,75,4,2220.779090909091,24428.57,403.36120689661146,11,4,blouse,slacks,suit,desktop,male,5.909090909090909,2916.36,1590.24
CUST_0687,62,1,2225.5400000000004,24480.940000000002,396.1238325574465,11,4,suit,slacks,blouse,desktop,female,5.0,2754.94,1510.41
CUST_0688,68,9,2115.6775000000002,25388.13,382.4049327402706,12,4,slacks,suit,blouse,desktop,female,4.416666666666667,3000.0,1669.23
CUST_0689,65,4,2394.2575,28731.09,353.0626015344484,12,4,suit,shoes,slacks,desktop,male,5.833333333333333,2754.94,1510.41
CUST_0690,60,4,2283.207857142857,31964.91,337.4799591355491,14,4,suit,shoes,blouse,desktop,male,7.0,2754.94,1706.58
CUST_0691,66,11,2094.9573333333333,31424.36,281.4688416013057,15,4,slacks,blouse,shoes,desktop,female,6.0,2639.64,1627.73
CUST_0692,66,10,2418.0354545454543,26598.39,209.0277975468161,11,4,slacks,suit,blouse,desktop,male,5.0,2670.57,2035.73
CUST_0693,67,10,2018.9616666666668,12113.77,398.8241329416597,6,4,blouse,slacks,suit,desktop,female,4.333333333333333,2545.17,1500.0
CUST_0694,66,5,2146.154117647059,36484.62,362.959863915055,17,4,slacks,blouse,suit,desktop,female,5.117647058823529,2849.44,1669.23
CUST_0695,60,2,2192.12,17536.96,349.95301525449713,8,4,suit,slacks,shoes,desktop,female,6.625,2881.61,1765.21
CUST_0696,64,10,2050.684,20506.84,279.62331591704657,10,4,blouse,shoes,slacks,desktop,female,5.4,2421.77,1590.24
CUST_0697,65,7,2311.5455555555554,20803.91,365.9890671560802,9,2,slacks,blouse,slacks,desktop,unknown,5.0,3000.0,1795.0
CUST_0698,59,8,2225.4926666666665,33382.39,343.6044896277999,15,4,blouse,shoes,suit,desktop,male,4.666666666666667,2744.06,1500.0
CUST_0699,68,2,2024.2371428571428,14169.66,341.7553881903588,7,3,blouse,shoes,suit,desktop,male,6.142857142857143,2736.77,1746.25
CUST_0700,68,8,2108.4772222222223,37952.590000000004,366.4932688059433,18,4,shoes,slacks,blouse,desktop,male,5.833333333333333,2881.61,1500.0
CUST_0701,66,5,2280.445,41048.01,382.29980093007697,18,4,slacks,blouse,suit,desktop,male,4.666666666666667,3000.0,1500.0
CUST_0702,68,14,2333.638571428571,16335.47,192.70105002555732,7,3,slacks,suit,shoes,desktop,unknown,6.142857142857143,2717.27,2127.77
CUST_0703,69,8,2100.8669230769233,27311.27,272.53999698468164,13,4,slacks,shoes,suit,desktop,female,5.6923076923076925,2456.02,1627.73
CUST_0704,69,9,2289.594285714286,16027.16,187.88893012070926,7,2,suit,slacks,suit,desktop,female,4.571428571428571,2494.73,1906.75
CUST_0705,68,7,2210.5044444444447,19894.54,381.0103446138672,9,3,suit,slacks,blouse,desktop,male,5.222222222222222,2870.68,1818.3
CUST_0706,71,13,2146.82,19321.38,316.6873016873269,9,4,suit,slacks,shoes,desktop,male,5.333333333333333,2665.14,1510.41
CUST_0707,68,8,2176.285,34820.56,337.4991216778695,16,4,suit,blouse,slacks,desktop,female,5.875,2717.27,1500.0
CUST_0708,75,16,2191.97,26303.64,435.23240544042056,12,4,slacks,suit,blouse,desktop,male,5.333333333333333,2870.68,1500.0
CUST_0709,68,8,2317.7564285714284,32448.59,384.65456058465156,14,4,shoes,blouse,slacks,desktop,unknown,5.785714285714286,3000.0,1500.0
CUST_0710,69,8,2263.37,24897.07,352.4494954741742,11,4,slacks,shoes,suit,desktop,female,5.7272727272727275,2736.77,1500.0
CUST_0711,71,14,2139.8041666666663,25677.649999999998,351.7696099452888,12,3,slacks,blouse,suit,desktop,male,6.166666666666667,2565.69,1500.0
CUST_0712,57,14,2328.380833333333,27940.57,330.1758531851098,12,3,slacks,blouse,suit,desktop,male,5.0,3000.0,1795.0
CUST_0713,65,6,2196.1291666666666,26353.55,272.46692341234353,12,4,blouse,suit,shoes,desktop,female,5.916666666666667,2699.73,1831.28
CUST_0714,67,9,2297.183571428571,32160.57,388.32448621475834,14,4,slacks,blouse,suit,desktop,female,5.5,3000.0,1669.23
CUST_0715,61,4,2210.263,44205.26,371.45629633277605,20,4,suit,blouse,shoes,desktop,male,5.3,2881.61,1510.41
CUST_0716,63,3,2136.749375,34187.99,349.68313463226957,16,4,suit,slacks,shoes,desktop,unknown,5.4375,2744.06,1500.0
CUST_0717,55,4,2226.805,13360.83,395.671369232094,6,3,blouse,shoes,slacks,desktop,unknown,5.0,2736.77,1706.58
CUST_0718,60,10,2146.1749999999997,25754.1,345.83267920931195,12,4,blouse,slacks,shoes,desktop,male,5.583333333333333,2916.36,1746.25
CUST_0719,68,9,2094.335,20943.35,319.438139038253,10,4,shoes,suit,blouse,desktop,male,5.5,2670.8,1706.58
CUST_0720,69,3,2041.5414285714287,14290.79,398.45482786335896,7,4,shoes,blouse,suit,desktop,female,6.142857142857143,2494.73,1500.0
CUST_0721,65,15,2135.2058333333334,25622.47,335.51711538671805,12,4,slacks,blouse,shoes,desktop,male,4.583333333333333,2849.44,1500.0
CUST_0722,62,15,2223.630769230769,28907.2,364.18227303237273,13,4,shoes,suit,slacks,desktop,male,7.0,2687.03,1746.25
CUST_0723,70,1,2359.2214285714285,16514.55,181.90810192957042,7,4,shoes,blouse,suit,desktop,male,5.428571428571429,2639.64,2157.09
CUST_0724,58,18,2090.5750000000003,12543.45,374.88071445461156,6,4,slacks,shoes,blouse,desktop,unknown,6.166666666666667,2717.27,1669.23
CUST_0725,69,7,2162.8792857142857,30280.309999999998,416.38671390287556,14,4,suit,shoes,slacks,desktop,male,6.357142857142857,2744.06,1500.0
CUST_0726,63,7,2194.295625,35108.73,301.84884358386506,16,4,slacks,shoes,blouse,desktop,female,6.3125,2870.68,1669.23
CUST_0727,66,12,2237.9392857142857,31331.15,338.72685606920436,14,4,suit,blouse,shoes,desktop,female,5.428571428571429,2670.57,1500.0
CUST_0728,71,3,2192.0325,26304.39,402.41324427248793,12,4,blouse,shoes,suit,desktop,female,6.083333333333333,2744.06,1500.0
CUST_0729,68,2,2225.9075,26710.89,371.23396854581165,12,4,slacks,blouse,suit,desktop,female,6.166666666666667,2670.8,1500.0
CUST_0730,65,8,2177.4927272727273,23952.42,381.5555372705502,11,4,suit,blouse,slacks,desktop,female,4.636363636363637,2754.94,1500.0
CUST_0731,72,6,2253.5730769230768,29296.45,298.21046405697587,13,4,slacks,suit,blouse,desktop,male,5.846153846153846,2664.28,1669.23
CUST_0732,65,4,2312.066428571429,32368.93,308.6330817207021,14,3,shoes,suit,slacks,desktop,female,5.428571428571429,2670.8,1775.89
CUST_0733,74,2,2118.8146666666667,31782.22,353.14499838424655,15,4,blouse,slacks,suit,desktop,female,6.4,2870.68,1669.23
CUST_0734,71,0,2083.3121428571426,29166.37,431.02194920334966,14,4,blouse,suit,slacks,desktop,male,4.642857142857143,2870.68,1500.0
CUST_0735,56,6,2185.403333333333,26224.84,343.22676350756626,12,4,slacks,blouse,shoes,desktop,female,6.0,2870.68,1510.41
CUST_0736,58,14,2056.6237499999997,16452.989999999998,303.78058660522447,8,4,blouse,slacks,shoes,desktop,female,7.0,2670.57,1669.23
CUST_0737,62,3,2322.9139999999998,23229.14,304.26401697648487,10,4,slacks,suit,blouse,desktop,female,4.6,2916.36,1818.3
CUST_0738,61,3,2237.9417647058826,38045.01,349.2834231901668,17,4,slacks,suit,shoes,desktop,unknown,5.470588235294118,2744.06,1510.41
CUST_0739,58,9,2312.5607142857143,32375.85,299.60605353502984,14,4,blouse,slacks,suit,desktop,female,5.928571428571429,2870.68,1840.33
CUST_0740,67,10,2220.608,11103.04,328.1088585667874,5,3,slacks,shoes,suit,desktop,female,5.0,2664.28,1838.76
CUST_0741,68,15,2125.6,14879.2,442.4550269801441,7,3,blouse,shoes,suit,desktop,female,4.428571428571429,2754.94,1500.0
CUST_0742,62,1,2202.7575,44055.15,296.7453251682502,20,4,slacks,suit,blouse,desktop,male,5.6,2665.14,1500.0
CUST_0743,63,9,2233.797,22337.97,449.42370186841623,10,3,suit,shoes,blouse,desktop,male,7.9,2717.27,1510.41
CUST_0744,60,3,2380.7709999999997,23807.71,355.51570571495154,10,4,suit,slacks,shoes,desktop,male,5.3,2717.27,1500.0
CUST_0745,64,3,2187.8084615384614,28441.51,308.77724740353284,13,4,blouse,shoes,suit,desktop,female,5.3076923076923075,2639.64,1500.0
CUST_0746,65,3,2150.601666666667,12903.61,434.9412371075737,6,3,shoes,blouse,slacks,desktop,unknown,8.0,2736.77,1500.0
CUST_0747,59,0,2189.81375,17518.51,417.4859685216977,8,4,suit,blouse,slacks,desktop,female,6.5,2870.68,1500.0
CUST_0748,66,19,2229.47,24524.17,366.6038050266255,11,4,suit,shoes,blouse,desktop,unknown,5.545454545454546,2717.27,1500.0
CUST_0749,64,3,2124.3307142857143,29740.63,464.5712216237559,14,4,suit,shoes,blouse,desktop,male,4.785714285714286,2744.06,1500.0
CUST_0750,73,3,2153.561818181818,47378.36,249.8069011330145,22,4,blouse,slacks,shoes,desktop,male,5.590909090909091,2611.01,1669.23
CUST_0751,60,6,2103.7316666666666,25244.78,330.755941768476,12,3,suit,blouse,shoes,desktop,female,6.916666666666667,2406.16,1500.0
CUST_0752,69,18,2304.185,18433.48,246.82692195139506,8,4,shoes,suit,slacks,desktop,male,5.25,2670.57,1965.29
CUST_0753,71,8,2133.952142857143,29875.33,368.81288433147387,14,4,suit,blouse,slacks,desktop,male,7.071428571428571,2664.28,1500.0
CUST_0754,63,7,2177.292105263158,41368.55,382.34053841770935,19,4,shoes,suit,slacks,desktop,male,5.631578947368421,2881.61,1500.0
CUST_0755,64,9,2224.523076923077,28918.8,303.1085138028023,13,4,slacks,blouse,suit,desktop,male,5.230769230769231,2713.88,1764.72
CUST_0756,56,8,2331.5215,46630.43,336.32640648279704,20,4,suit,shoes,blouse,desktop,female,5.5,2881.61,1826.57
CUST_0757,62,9,2302.505,18420.04,246.1535014115031,8,4,slacks,suit,shoes,desktop,female,5.5,2699.73,2062.96
CUST_0758,66,4,2419.66,24196.6,299.2793792874254,10,4,shoes,slacks,suit,desktop,female,5.9,2881.61,2062.71
CUST_0759,61,9,2186.7684615384615,28427.989999999998,286.2841121987664,13,3,slacks,blouse,shoes,desktop,male,5.923076923076923,2565.69,1590.24
CUST_0760,62,9,2031.4988888888886,18283.489999999998,418.70227630872887,9,4,blouse,slacks,shoes,desktop,male,5.444444444444445,2916.36,1500.0
CUST_0761,55,4,2205.340769230769,28669.43,340.99739851064203,13,4,blouse,shoes,slacks,desktop,male,5.076923076923077,3000.0,1746.25
CUST_0762,72,9,2387.362222222222,21486.26,458.80759983836845,9,4,blouse,slacks,suit,desktop,female,5.0,3000.0,1616.55
CUST_0763,66,1,2325.677857142857,32559.49,227.75112331661074,14,4,slacks,suit,shoes,desktop,female,5.642857142857143,2670.57,2025.3
CUST_0764,75,9,2169.9746666666665,32549.62,384.10644011908,15,4,blouse,slacks,suit,desktop,female,4.666666666666667,2870.68,1500.0
CUST_0765,63,4,2208.8321052631577,41967.81,294.49880323429636,19,4,slacks,blouse,shoes,desktop,female,5.2105263157894735,2744.06,1590.24
CUST_0766,64,11,2090.908181818182,22999.99,458.89743731727634,11,3,slacks,suit,blouse,desktop,male,5.636363636363637,3000.0,1590.24
CUST_0767,66,1,2090.5564285714286,29267.79,411.8585891486233,14,4,blouse,slacks,shoes,desktop,male,6.0,2870.68,1500.0
CUST_0768,71,12,2324.8207142857145,32547.49,434.1708754265783,14,4,suit,slacks,shoes,desktop,unknown,5.928571428571429,2881.61,1500.0
CUST_0769,75,13,2255.731875,36091.71,441.15085323456344,16,4,blouse,slacks,shoes,desktop,female,6.0625,3000.0,1500.0
CUST_0770,65,7,1957.6346153846155,25449.25,313.33447524478225,13,4,shoes,blouse,suit,desktop,male,6.076923076923077,2427.56,1500.0
CUST_0771,68,16,2215.8920000000003,22158.920000000002,261.10190738483715,10,4,slacks,shoes,blouse,desktop,female,5.0,2664.28,1765.21
CUST_0772,60,14,2195.4325,17563.46,239.46448038129935,8,3,shoes,slacks,blouse,desktop,female,5.75,2565.69,1886.79
CUST_0773,66,5,2368.5892307692307,30791.66,299.9175222307389,13,4,suit,blouse,shoes,desktop,female,4.769230769230769,2881.61,1973.87
CUST_0774,58,4,2317.074666666667,34756.12,355.7763321218757,15,4,suit,slacks,blouse,desktop,female,5.333333333333333,2881.61,1746.25
CUST_0775,71,15,2180.781176470588,37073.28,443.2947150440996,17,4,blouse,slacks,shoes,desktop,male,5.0588235294117645,2916.36,1500.0
CUST_0776,60,12,2124.827333333333,31872.41,405.40871922166696,15,4,blouse,slacks,suit,desktop,male,5.666666666666667,2881.61,1500.0
CUST_0777,67,13,2210.4825,8841.93,283.67280181869154,4,3,suit,slacks,shoes,desktop,male,3.75,2534.45,1886.79
CUST_0778,59,12,2256.842727272727,24825.27,332.9941847267278,11,4,suit,shoes,blouse,desktop,male,4.7272727272727275,2665.14,1510.41
CUST_0779,58,8,2096.20375,16769.63,455.15287007891254,8,3,suit,slacks,blouse,desktop,female,5.125,2699.73,1500.0
CUST_0780,63,0,2237.255294117647,38033.34,397.3336859007434,17,4,suit,shoes,slacks,desktop,male,4.588235294117647,2916.36,1500.0
CUST_0781,67,14,2263.816,11319.08,168.98747003846177,5,3,suit,blouse,slacks,desktop,male,4.0,2394.49,1979.22
CUST_0782,61,5,2261.35,27136.2,339.7855003594848,12,4,shoes,suit,blouse,desktop,male,5.333333333333333,2736.77,1500.0
CUST_0783,59,13,2228.867142857143,15602.07,240.01687966434673,7,4,shoes,slacks,suit,desktop,male,5.142857142857143,2494.73,1764.72
CUST_0784,66,10,2013.1844444444444,18118.66,346.6267223581842,9,4,suit,slacks,shoes,desktop,female,4.555555555555555,2394.49,1500.0
CUST_0785,62,4,2333.486,23334.86,363.40092665447804,10,4,suit,shoes,blouse,desktop,female,3.8,3000.0,1840.33
CUST_0786,60,8,2199.0555555555557,19791.5,324.31830379702257,9,4,suit,blouse,shoes,desktop,male,4.888888888888889,2699.73,1765.21
CUST_0787,71,1,2161.9139999999998,32428.71,343.7137222997401,15,4,slacks,blouse,shoes,desktop,male,5.266666666666667,2754.94,1500.0
CUST_0788,62,3,2180.366875,34885.87,300.88161445367507,16,4,slacks,blouse,suit,desktop,female,6.375,2639.64,1500.0
CUST_0789,65,2,2426.14,29113.68,340.2041503675003,12,4,suit,shoes,slacks,desktop,male,4.916666666666667,2736.77,1627.73
CUST_0790,56,7,2290.400909090909,25194.41,384.12178411161597,11,4,suit,blouse,slacks,desktop,male,5.454545454545454,2713.88,1500.0
CUST_0791,58,3,2282.9016666666666,27394.82,383.73806549006923,12,4,shoes,suit,blouse,desktop,female,6.083333333333333,2713.88,1500.0
CUST_0792,64,8,2236.387333333333,33545.81,323.2362205098986,15,4,suit,blouse,slacks,desktop,female,5.333333333333333,2916.36,1764.72
CUST_0793,65,13,2356.6718181818183,25923.39,355.9929080984109,11,4,blouse,suit,slacks,desktop,male,6.090909090909091,2916.36,1840.33
CUST_0794,62,4,2217.6055,44352.11,267.2422273100408,20,4,slacks,blouse,suit,desktop,female,5.85,2699.73,1669.23
CUST_0795,63,17,2254.6041666666665,27055.25,350.85714931652046,12,3,slacks,blouse,shoes,desktop,female,5.666666666666667,2849.44,1701.44
CUST_0796,63,16,2197.1323076923077,28562.72,332.86128570206364,13,4,slacks,blouse,shoes,desktop,unknown,4.615384615384615,2670.8,1500.0
CUST_0797,56,3,2349.3426666666664,35240.14,306.9275213761308,15,4,slacks,shoes,suit,desktop,female,6.066666666666666,2881.61,1884.02
CUST_0798,62,6,2223.0644444444447,20007.58,358.27606224499243,9,4,slacks,shoes,suit,desktop,female,6.333333333333333,2870.68,1775.89
CUST_0799,65,9,1993.2111111111112,17938.9,327.10366317287105,9,4,suit,shoes,blouse,desktop,female,5.111111111111111,2571.97,1500.0
CUST_0800,71,2,2308.9517647058824,39252.18,357.81774703114036,17,4,suit,shoes,slacks,desktop,unknown,5.470588235294118,2881.61,1510.41
